Player Display Name,Time,Lat,Lon,Speed (m/s),Heart Rate (bpm),Instantaneous Acceleration Impulse
"Bakola",15:14:00.5,43.30348566666667,5.462157666666667,0,0,0
"Bakola",15:14:00.6,43.303485833333326,5.462157666666667,0,0,0
"Bakola",15:14:00.7,43.303486,5.462157833333333,0,0,0
"Bakola",15:14:00.8,43.303486166666666,5.462158,0,0,0
"Bakola",15:14:00.9,43.303486166666666,5.462158,0,0,0
"Bakola",15:14:01.0,43.303486166666666,5.462158166666668,0,0,0
"Bakola",15:14:01.1,43.303486166666666,5.462158333333333,0,0,0
"Bakola",15:14:01.2,43.303486,5.4621585,0,0,0
"Bakola",15:14:01.3,43.303486,5.462158666666666,0,0,0
"Bakola",15:14:01.4,43.303486,5.4621588333333335,0,0,0
"Bakola",15:14:01.5,43.303485833333326,5.462159,0,0,0
"Bakola",15:14:01.6,43.303485833333326,5.462159166666667,0,0,0
"Bakola",15:14:01.7,43.303486,5.4621595,0,0,0
"Bakola",15:14:01.8,43.303486,5.4621596666666665,0,0,0
"Bakola",15:14:01.9,43.303486,5.46216,0,0,0
"Bakola",15:14:02.0,43.303486,5.462160333333333,0,0,0
"Bakola",15:14:02.1,43.303486,5.4621605,0,0,0
"Bakola",15:14:02.2,43.303486166666666,5.462160833333333,0,0,0
"Bakola",15:14:02.3,43.303486166666666,5.462161166666666,0,0,0
"Bakola",15:14:02.4,43.303486166666666,5.4621615,0,0,0
"Bakola",15:14:02.5,43.303486166666666,5.462161666666667,0,0,0
"Bakola",15:14:02.6,43.303486166666666,5.462162166666666,0,0,0
"Bakola",15:14:02.7,43.30348633333333,5.462162333333334,0,0,0
"Bakola",15:14:02.8,43.30348633333333,5.462162666666667,0,0,0
"Bakola",15:14:02.9,43.30348633333333,5.462163,0,0,0
"Bakola",15:14:03.0,43.3034865,5.4621631666666675,0,0,0
"Bakola",15:14:03.1,43.3034865,5.4621635,0,0,0
"Bakola",15:14:03.2,43.3034865,5.462163833333333,0,0,0
"Bakola",15:14:03.3,43.3034865,5.462164166666667,0,0,0
"Bakola",15:14:03.4,43.3034865,5.4621645,0,0,0
"Bakola",15:14:03.5,43.3034865,5.462164666666666,0,0,0
"Bakola",15:14:03.6,43.3034865,5.462165,0,0,0
"Bakola",15:14:03.7,43.3034865,5.462165166666667,0,0,0
"Bakola",15:14:03.8,43.3034865,5.462165333333334,0,0,0
"Bakola",15:14:03.9,43.3034865,5.4621655,0,0,0
"Bakola",15:14:04.0,43.3034865,5.462165666666667,0,0,0
"Bakola",15:14:04.1,43.30348633333333,5.462165833333334,0,0,0
"Bakola",15:14:04.2,43.30348633333333,5.462166,0,0,0
"Bakola",15:14:04.3,43.30348633333333,5.462166166666667,0,0,0
"Bakola",15:14:04.4,43.303486166666666,5.462166333333333,0,0,0
"Bakola",15:14:04.5,43.303486,5.4621665,0,0,0
"Bakola",15:14:04.6,43.303486,5.4621665,0,0,0
"Bakola",15:14:04.7,43.303486,5.4621665,0,0,0
"Bakola",15:14:04.8,43.303486166666666,5.462166666666667,0,0,0
"Bakola",15:14:04.9,43.303486166666666,5.462166666666667,0,0,0
"Bakola",15:14:05.0,43.303485833333326,5.462166666666667,0,0,0
"Bakola",15:14:05.1,43.3034855,5.462166166666667,0.49722262,0,4.9722262
"Bakola",15:14:05.2,43.30348516666666,5.462166,0.63333384,0,1.3611122000000002
"Bakola",15:14:05.3,43.303485,5.462165666666667,0.32500026,0,3.0833358000000004
"Bakola",15:14:05.4,43.30348516666666,5.462165833333334,0,0,3.2500025999999997
"Bakola",15:14:05.5,43.3034855,5.462165666666667,0.43611146,0,4.3611146
"Bakola",15:14:05.6,43.303486166666666,5.462165666666667,0.67222276,0,2.361113
"Bakola",15:14:05.7,43.30348683333333,5.462165833333334,0.71944502,0,0.4722225999999996
"Bakola",15:14:05.8,43.303487833333335,5.462165666666667,1.01944526,0,3.000002399999999
"Bakola",15:14:05.9,43.303489166666665,5.462166,1.33055662,0,3.1111136000000017
"Bakola",15:14:06.0,43.303490833333335,5.462166833333334,1.8194459,0,4.8888928
"Bakola",15:14:06.1,43.303492,5.462167333333333,1.4861123,0,3.333336
"Bakola",15:14:06.2,43.30349366666667,5.4621675,1.83889036,0,3.527780599999999
"Bakola",15:14:06.3,43.3034965,5.4621675,2.8194467,0,0
"Bakola",15:14:06.4,43.303499,5.4621675,2.67500214,0,1.4444455999999972
"Bakola",15:14:06.5,43.30350116666667,5.462168,2.50277978,0,1.7222236000000013
"Bakola",15:14:06.6,43.30350383333333,5.4621695,3.17500254,0,0
"Bakola",15:14:06.7,43.30350633333334,5.462170833333334,2.92778012,0,2.4722241999999994
"Bakola",15:14:06.8,43.30350883333333,5.462171166666667,2.7222244,0,2.0555572
"Bakola",15:14:06.9,43.30351083333333,5.462170333333334,2.6250021,0,0.9722229999999987
"Bakola",15:14:07.0,43.30351316666666,5.462168833333333,2.92778012,0,3.0277801999999987
"Bakola",15:14:07.1,43.3035155,5.462167166666667,2.79722446,0,1.3055566000000018
"Bakola",15:14:07.2,43.303517666666664,5.4621665,2.56111316,0,2.361112999999997
"Bakola",15:14:07.3,43.30351983333333,5.462167333333333,2.6666688,0,1.0555563999999995
"Bakola",15:14:07.4,43.3035225,5.462168666666667,3.00555796,0,3.388891599999999
"Bakola",15:14:07.5,43.3035255,5.462169666666667,3.17778032,0,1.7222236000000013
"Bakola",15:14:07.6,43.303528,5.4621691666666665,2.85555784,0,3.222224800000002
"Bakola",15:14:07.7,43.303531,5.462169666666667,3.194447,0,3.388891599999999
"Bakola",15:14:07.8,43.30353183333334,5.462169333333334,2.03055718,0,0
"Bakola",15:14:07.9,43.3035325,5.462168833333333,1.41389002,0,0
"Bakola",15:14:08.0,43.30353183333334,5.4621685,0.7916673,0,0
"Bakola",15:14:08.1,43.303532,5.4621675,0.93888964,0,1.4722234
"Bakola",15:14:08.2,43.30353183333334,5.462167,0.5416671,0,3.9722254
"Bakola",15:14:08.3,43.3035315,5.462165833333334,0.99444524,0,4.5277814
"Bakola",15:14:08.4,43.303531,5.4621645,1.20000096,0,2.0555571999999986
"Bakola",15:14:08.5,43.30353066666667,5.462163333333334,1.08888976,0,1.1111119999999985
"Bakola",15:14:08.6,43.303530333333335,5.462162666666667,0.74166726,0,3.472225
"Bakola",15:14:08.7,43.303530333333335,5.462162,0.70277834,0,0.38888920000000105
"Bakola",15:14:08.8,43.303530333333335,5.462161166666666,0.66388942,0,0.38888919999999993
"Bakola",15:14:08.9,43.30353066666667,5.4621606666666676,0.49166706,0,1.7222235999999995
"Bakola",15:14:09.0,43.303531,5.462160166666667,0.55833378,0,0.6666672000000001
"Bakola",15:14:09.1,43.303531,5.4621596666666665,0.5694449,0,0.1111112000000003
"Bakola",15:14:09.2,43.30353083333333,5.462159,0.53888932,0,0.30555580000000027
"Bakola",15:14:09.3,43.30353016666667,5.462158666666666,0.6666672,0,1.2777788
"Bakola",15:14:09.4,43.30352966666667,5.462158166666668,0.8055562,0,1.3888899999999993
"Bakola",15:14:09.5,43.30352883333333,5.4621575,0.9444452,0,1.3888900000000004
"Bakola",15:14:09.6,43.303528166666666,5.462157166666667,0.84166734,0,1.0277786
"Bakola",15:14:09.7,43.303527833333334,5.462156666666667,0.68888944,0,1.5277790000000002
"Bakola",15:14:09.8,43.303527333333335,5.4621561666666665,0.73888948,0,0.5000004000000002
"Bakola",15:14:09.9,43.303526833333336,5.462155666666668,0.67500054,0,0.6388894
"Bakola",15:14:10.0,43.3035265,5.4621555,0.50277818,0,1.7222236000000002
"Bakola",15:14:10.1,43.30352633333333,5.462155166666667,0.4722226,0,0.3055557999999997
"Bakola",15:14:10.2,43.30352583333333,5.462155,0.49722262,0,0.2500002000000001
"Bakola",15:14:10.3,43.30352516666667,5.4621553333333335,0.555556,0,0.5833338000000005
"Bakola",15:14:10.4,43.303524333333336,5.462155166666667,0.83055622,0,2.750002199999999
"Bakola",15:14:10.5,43.30352366666666,5.462155166666667,0.72500058,0,1.0555563999999995
"Bakola",15:14:10.6,43.303524,5.462155,0,0,0
"Bakola",15:14:10.7,43.30352483333333,5.4621553333333335,0.67222276,0,0
"Bakola",15:14:10.8,43.30352533333333,5.4621555,0.64444496,0,0.27777800000000075
"Bakola",15:14:10.9,43.3035255,5.462155,0.49722262,0,1.4722233999999994
"Bakola",15:14:11.0,43.30352533333333,5.4621545,0.39166698,0,1.0555564
"Bakola",15:14:11.1,43.3035255,5.462153666666667,0.55833378,0,1.666668
"Bakola",15:14:11.2,43.3035255,5.4621525,0.7083339,0,1.5000011999999996
"Bakola",15:14:11.3,43.30352516666667,5.462152166666667,0.45555592,0,2.5277797999999994
"Bakola",15:14:11.4,43.3035245,5.462152333333333,0.42777812,0,0.2777780000000002
"Bakola",15:14:11.5,43.30352383333334,5.462152333333333,0.69166722,0,2.638891
"Bakola",15:14:11.6,43.303523,5.462152,0.96666744,0,2.7500022
"Bakola",15:14:11.7,43.3035215,5.462152333333333,1.42777892,0,4.611114799999998
"Bakola",15:14:11.8,43.3035205,5.4621525,1.16944538,0,2.5833353999999997
"Bakola",15:14:11.9,43.30352,5.462152333333333,0.70555612,0,4.638892599999999
"Bakola",15:14:12.0,43.303519666666666,5.462152,0.43888924,0,2.6666687999999996
"Bakola",15:14:12.1,43.3035195,5.462151666666667,0,0,4.3888924
"Bakola",15:14:12.2,43.3035195,5.4621515,0,0,0
"Bakola",15:14:12.3,43.303519666666666,5.462151333333334,0,0,0
"Bakola",15:14:12.4,43.30352,5.462151333333334,0,0,0
"Bakola",15:14:12.5,43.303520166666665,5.4621515,0.35833362,0,3.5833362
"Bakola",15:14:12.6,43.3035205,5.462152166666667,0.55277822,0,1.9444459999999997
"Bakola",15:14:12.7,43.303520666666664,5.462152333333333,0.35000028,0,2.0277793999999996
"Bakola",15:14:12.8,43.3035205,5.462152333333333,0,0,3.5000028
"Bakola",15:14:12.9,43.30352,5.462151666666667,0.48055594,0,4.8055594
"Bakola",15:14:13.0,43.3035195,5.462150666666666,0.8055562,0,3.2500025999999993
"Bakola",15:14:13.1,43.303519,5.462149833333333,0.86944514,0,0.6388894
"Bakola",15:14:13.2,43.30351866666667,5.462149,0.69722278,0,1.722223599999999
"Bakola",15:14:13.3,43.303518,5.4621485,0.74444504,0,0.4722225999999996
"Bakola",15:14:13.4,43.30351733333334,5.4621476666666675,0.85277846,0,1.0833342000000001
"Bakola",15:14:13.5,43.3035165,5.462146833333333,1.06666752,0,2.1388905999999994
"Bakola",15:14:13.6,43.30351566666667,5.462146166666667,1.07222308,0,0.05555560000000126
"Bakola",15:14:13.7,43.30351516666667,5.462145166666667,1.0416675,0,0.3055558000000014
"Bakola",15:14:13.8,43.30351516666667,5.462142,2.16111284,0,0
"Bakola",15:14:13.9,43.30351533333333,5.462138833333333,2.47777976,0,3.166669200000003
"Bakola",15:14:14.0,43.30351433333333,5.4621365,2.15555728,0,3.222224800000002
"Bakola",15:14:14.1,43.303514,5.462133333333334,2.47777976,0,3.222224800000002
"Bakola",15:14:14.2,43.303514666666665,5.4621303333333335,2.50833534,0,0.30555579999999694
"Bakola",15:14:14.3,43.303515,5.462126666666666,2.87222452,0,3.6388918000000015
"Bakola",15:14:14.4,43.303516,5.462125333333334,1.7500014,0,0
"Bakola",15:14:14.5,43.30351616666667,5.462125,0.7777784,0,0
"Bakola",15:14:14.6,43.3035175,5.462125166666667,1.19166762,0,4.1388922
"Bakola",15:14:14.7,43.303519,5.4621241666666664,1.50833454,0,3.1666691999999985
"Bakola",15:14:14.8,43.30352,5.462125,1.37777888,0,1.3055565999999996
"Bakola",15:14:14.9,43.30352033333334,5.462126,0.8750007,0,5.0277818
"Bakola",15:14:15.0,43.3035205,5.462127833333334,1.2083343,0,3.333336
"Bakola",15:14:15.1,43.30352116666666,5.462129,1.31111216,0,1.0277786
"Bakola",15:14:15.2,43.3035215,5.4621303333333335,1.24166766,0,0.6944449999999991
"Bakola",15:14:15.3,43.30352133333333,5.462131833333333,1.14722314,0,0.9444452000000014
"Bakola",15:14:15.4,43.30352116666666,5.462133,0.8888896,0,2.5833353999999997
"Bakola",15:14:15.5,43.30352133333333,5.462134333333333,1.10277866,0,2.1388906000000008
"Bakola",15:14:15.6,43.30352133333333,5.462135166666667,0.89166738,0,2.1111128
"Bakola",15:14:15.7,43.30352133333333,5.4621355,0.69166722,0,2.0000015999999996
"Bakola",15:14:15.8,43.30352116666666,5.4621365,0.77222284,0,0.8055561999999994
"Bakola",15:14:15.9,43.30352083333334,5.462138,1.20000096,0,4.277781199999999
"Bakola",15:14:16.0,43.30352033333334,5.4621406666666665,1.96944602,0,0
"Bakola",15:14:16.1,43.30352,5.462142333333333,1.67777912,0,2.9166689999999984
"Bakola",15:14:16.2,43.30352,5.462144666666667,1.90833486,0,2.3055574
"Bakola",15:14:16.3,43.3035205,5.462148,2.57222428,0,0
"Bakola",15:14:16.4,43.303521,5.462150666666666,2.46944642,0,1.0277785999999978
"Bakola",15:14:16.5,43.303521,5.4621525,1.79722366,0,0
"Bakola",15:14:16.6,43.30352133333333,5.462155166666667,2.21111288,0,4.138892199999999
"Bakola",15:14:16.7,43.30352166666667,5.4621575,2.06666832,0,1.4444456000000017
"Bakola",15:14:16.8,43.3035215,5.46216,2.11389058,0,0.47222260000000293
"Bakola",15:14:16.9,43.3035215,5.462162666666667,2.18611286,0,0.7222228000000008
"Bakola",15:14:17.0,43.303521,5.462164333333334,1.7638903,0,4.2222256000000025
"Bakola",15:14:17.1,43.30352,5.462167166666667,2.35277966,0,5.8888936
"Bakola",15:14:17.2,43.30351916666667,5.462169,2.0277794,0,3.2500025999999993
"Bakola",15:14:17.3,43.30351833333333,5.462168833333333,0.90833406,0,0
"Bakola",15:14:17.4,43.3035175,5.462168666666667,0.8472229,0,0.6111116000000005
"Bakola",15:14:17.5,43.30351683333333,5.4621683333333335,0.93611186,0,0.8888896000000002
"Bakola",15:14:17.6,43.303516333333334,5.462167166666667,0.94166742,0,0.05555560000000015
"Bakola",15:14:17.7,43.30351683333333,5.4621648333333335,1.50833454,0,5.666671199999998
"Bakola",15:14:17.8,43.303517666666664,5.462162333333334,2.0972239,0,5.8888936
"Bakola",15:14:17.9,43.3035185,5.462161666666667,1.31666772,0,0
"Bakola",15:14:18.0,43.30351883333333,5.46216,1.30277882,0,0.13888900000000204
"Bakola",15:14:18.1,43.303520166666665,5.462158666666666,1.66389022,0,3.611114000000002
"Bakola",15:14:18.2,43.30352133333333,5.462157,1.77500142,0,1.1111119999999985
"Bakola",15:14:18.3,43.303522666666666,5.462154166666667,2.48889088,0,0
"Bakola",15:14:18.4,43.303524333333336,5.462151166666667,3.00833574,0,5.194448600000001
"Bakola",15:14:18.5,43.30352583333333,5.4621493333333335,2.36666856,0,0
"Bakola",15:14:18.6,43.303526,5.4621493333333335,0.89722294,0,0
"Bakola",15:14:18.7,43.303526,5.462150166666667,0.47500038,0,4.2222256
"Bakola",15:14:18.8,43.30352483333333,5.462152,1.32777884,0,0
"Bakola",15:14:18.9,43.30352466666666,5.4621535,1.25277878,0,0.7500005999999981
"Bakola",15:14:19.0,43.30352416666666,5.462154666666667,1.21388986,0,0.38888919999999993
"Bakola",15:14:19.1,43.30352333333333,5.462156833333334,1.91389042,0,0
"Bakola",15:14:19.2,43.30352283333333,5.462157333333334,0.82777844,0,0
"Bakola",15:14:19.3,43.30352316666667,5.462156833333334,0,0,0
"Bakola",15:14:19.4,43.303524333333336,5.4621553333333335,1.56111236,0,0
"Bakola",15:14:19.5,43.30352633333333,5.462152833333334,2.85278006,0,0
"Bakola",15:14:19.6,43.30352833333334,5.462149666666667,3.06111356,0,2.0833349999999973
"Bakola",15:14:19.7,43.30352983333333,5.462148333333333,2.03611274,0,0
"Bakola",15:14:19.8,43.30353066666667,5.4621458333333335,2.222224,0,1.8611126000000011
"Bakola",15:14:19.9,43.30353083333333,5.462143666666667,1.88611262,0,3.361113800000002
"Bakola",15:14:20.0,43.303531166666666,5.462141166666667,2.01944606,0,1.3333343999999991
"Bakola",15:14:20.1,43.30353133333333,5.462138666666667,1.97777936,0,0.41666699999999945
"Bakola",15:14:20.2,43.30353133333333,5.4621371666666665,1.4444456,0,5.333337599999998
"Bakola",15:14:20.3,43.303531,5.462135666666667,1.3472233,0,0.972223000000001
"Bakola",15:14:20.4,43.30353,5.462133666666667,1.71944582,0,3.7222252
"Bakola",15:14:20.5,43.30352883333333,5.462131833333333,1.82222368,0,1.0277786
"Bakola",15:14:20.6,43.303527833333334,5.462130666666667,1.48055674,0,3.416669400000001
"Bakola",15:14:20.7,43.303526,5.462129666666667,1.79722366,0,3.1666692000000007
"Bakola",15:14:20.8,43.30352383333334,5.462129,2.1805573,0,3.833336399999998
"Bakola",15:14:20.9,43.303522,5.4621286666666675,2.10833502,0,0.7222227999999964
"Bakola",15:14:21.0,43.303520666666664,5.4621276666666665,2.00555716,0,1.0277786000000022
"Bakola",15:14:21.1,43.303519,5.462125833333333,2.27222404,0,2.6666687999999983
"Bakola",15:14:21.2,43.30351783333333,5.462124666666667,1.77500142,0,4.972226199999998
"Bakola",15:14:21.3,43.303516333333334,5.462124333333334,1.71666804,0,0.5833337999999988
"Bakola",15:14:21.4,43.30351533333333,5.462125333333334,1.47777896,0,2.388890800000001
"Bakola",15:14:21.5,43.30351316666666,5.462126,2.08055722,0,0
"Bakola",15:14:21.6,43.30351183333333,5.462127,1.97500158,0,1.0555564000000017
"Bakola",15:14:21.7,43.303511,5.462129166666666,2.1250017,0,1.5000011999999985
"Bakola",15:14:21.8,43.303510333333335,5.4621325,2.68611326,0,5.611115600000001
"Bakola",15:14:21.9,43.30350983333334,5.462135666666667,2.70555772,0,0.19444459999999886
"Bakola",15:14:22.0,43.3035095,5.4621375,1.82222368,0,0
"Bakola",15:14:22.1,43.3035095,5.46214,2.05000164,0,2.2777796000000006
"Bakola",15:14:22.2,43.30350983333334,5.462143,2.36389078,0,3.138891400000001
"Bakola",15:14:22.3,43.303510333333335,5.4621445,1.78055698,0,5.833338000000001
"Bakola",15:14:22.4,43.303511666666665,5.4621475,2.56389094,0,0
"Bakola",15:14:22.5,43.3035125,5.462150166666667,2.45277974,0,1.1111119999999985
"Bakola",15:14:22.6,43.30351183333333,5.462153,2.31666852,0,1.3611122000000009
"Bakola",15:14:22.7,43.303511,5.462155666666668,2.46111308,0,1.4444456000000017
"Bakola",15:14:22.8,43.303510333333335,5.462158333333333,2.38611302,0,0.7500006000000026
"Bakola",15:14:22.9,43.30350916666667,5.462162166666666,3.0972247,0,0
"Bakola",15:14:23.0,43.303508666666666,5.4621648333333335,2.46944642,0,0
"Bakola",15:14:23.1,43.30351,5.462166833333334,2.17777952,0,2.9166690000000006
"Bakola",15:14:23.2,43.30351083333333,5.462170333333334,2.7361133,0,5.583337799999999
"Bakola",15:14:23.3,43.303511666666665,5.4621735,2.7500022,0,0.13888899999999982
"Bakola",15:14:23.4,43.303512,5.462174833333334,1.79444588,0,0
"Bakola",15:14:23.5,43.30351316666666,5.462176,1.69722358,0,0.972223000000001
"Bakola",15:14:23.6,43.303514,5.4621755,1.11944534,0,5.7777823999999995
"Bakola",15:14:23.7,43.303514666666665,5.462175333333334,0.90000072,0,2.1944462
"Bakola",15:14:23.8,43.30351566666667,5.4621735,1.57500126,0,0
"Bakola",15:14:23.9,43.303516333333334,5.462171666666667,1.69166802,0,1.1666675999999998
"Bakola",15:14:24.0,43.303517166666666,5.462170166666667,1.6388902,0,0.5277781999999998
"Bakola",15:14:24.1,43.30351883333333,5.4621691666666665,1.98889048,0,3.5000027999999994
"Bakola",15:14:24.2,43.30352083333334,5.4621655,2.98055794,0,0
"Bakola",15:14:24.3,43.303522666666666,5.462162333333334,3.22778036,0,2.4722241999999994
"Bakola",15:14:24.4,43.30352366666666,5.462161666666667,1.92777932,0,0
"Bakola",15:14:24.5,43.3035245,5.462161,1.60000128,0,3.277780399999999
"Bakola",15:14:24.6,43.3035245,5.46216,1.26944546,0,3.3055582000000006
"Bakola",15:14:24.7,43.303524333333336,5.462159333333334,0.80833398,0,4.6111148
"Bakola",15:14:24.8,43.3035245,5.462158666666666,0.67500054,0,1.3333344000000003
"Bakola",15:14:24.9,43.3035245,5.4621585,0,0,0
"Bakola",15:14:25.0,43.30352416666666,5.462158,0.5000004,0,5.000004
"Bakola",15:14:25.1,43.30352383333334,5.4621575,0.53888932,0,0.38888919999999993
"Bakola",15:14:25.2,43.3035235,5.4621565,0.81388954,0,2.7500022
"Bakola",15:14:25.3,43.30352333333333,5.4621561666666665,0.56388934,0,2.500002
"Bakola",15:14:25.4,43.30352316666667,5.462155166666667,0.74166726,0,1.7777792000000003
"Bakola",15:14:25.5,43.30352316666667,5.462154166666667,0.79444508,0,0.5277781999999998
"Bakola",15:14:25.6,43.30352333333333,5.462153333333333,0.72777836,0,0.6666672000000007
"Bakola",15:14:25.7,43.30352416666666,5.462153333333333,0.59444492,0,1.3333343999999991
"Bakola",15:14:25.8,43.303524,5.4621525,0.60000048,0,0.05555559999999904
"Bakola",15:14:25.9,43.303524333333336,5.46215,1.4166678,0,0
"Bakola",15:14:26.0,43.30352533333333,5.4621493333333335,1.03611194,0,3.8055585999999986
"Bakola",15:14:26.1,43.30352633333333,5.4621465,1.93611266,0,0
"Bakola",15:14:26.2,43.30352633333333,5.462143333333334,2.3750019,0,4.3888924
"Bakola",15:14:26.3,43.3035255,5.4621435,1.90833486,0,4.666670399999999
"Bakola",15:14:26.4,43.30352466666666,5.462143666666667,0.88055626,0,0
"Bakola",15:14:26.5,43.30352366666666,5.462142666666667,1.21111208,0,3.3055581999999992
"Bakola",15:14:26.6,43.30352316666667,5.4621415,1.15833426,0,0.5277781999999998
"Bakola",15:14:26.7,43.303522,5.462141666666668,1.24166766,0,0.8333340000000011
"Bakola",15:14:26.8,43.30352,5.462142166666667,1.93611266,0,0
"Bakola",15:14:26.9,43.30351816666666,5.462143333333334,2.0138905,0,0.7777783999999999
"Bakola",15:14:27.0,43.303517166666666,5.462143833333334,1.2916677,0,0
"Bakola",15:14:27.1,43.3035165,5.462144333333333,0.91388962,0,3.7777808000000013
"Bakola",15:14:27.2,43.3035155,5.462144666666667,1.1666676,0,2.5277798000000007
"Bakola",15:14:27.3,43.303514666666665,5.462143666666667,1.20555652,0,0.38888919999999993
"Bakola",15:14:27.4,43.30351433333333,5.462143833333334,0.73055614,0,4.7500038
"Bakola",15:14:27.5,43.30351366666666,5.4621435,0.68888944,0,0.41666700000000056
"Bakola",15:14:27.6,43.303514166666666,5.462142333333333,0.92500074,0,2.361113
"Bakola",15:14:27.7,43.303514166666666,5.462141166666667,0.76666728,0,1.5833346000000004
"Bakola",15:14:27.8,43.303514666666665,5.4621398333333335,0.97777856,0,2.1111128
"Bakola",15:14:27.9,43.303515833333336,5.462138166666667,1.74444584,0,0
"Bakola",15:14:28.0,43.3035165,5.462137333333334,1.14444536,0,0
"Bakola",15:14:28.1,43.3035165,5.462136166666667,0.9444452,0,2.0000015999999996
"Bakola",15:14:28.2,43.30351666666666,5.462134833333334,1.00277858,0,0.5833337999999999
"Bakola",15:14:28.3,43.30351666666666,5.462133666666667,1.05277862,0,0.5000004000000002
"Bakola",15:14:28.4,43.30351616666667,5.462132166666667,1.17222316,0,1.1944453999999993
"Bakola",15:14:28.5,43.303516333333334,5.462131,1.03333416,0,1.3888900000000004
"Bakola",15:14:28.6,43.30351666666666,5.462129833333334,1.10555644,0,0.7222228000000008
"Bakola",15:14:28.7,43.30351683333333,5.4621286666666675,0.99722302,0,1.0833342000000001
"Bakola",15:14:28.8,43.30351733333334,5.462127333333334,1.13333424,0,1.3611121999999998
"Bakola",15:14:28.9,43.30351816666666,5.462126,1.18888984,0,0.5555560000000015
"Bakola",15:14:29.0,43.30351866666667,5.4621245,1.47500118,0,2.8611133999999994
"Bakola",15:14:29.1,43.30351866666667,5.462123333333333,1.10833422,0,3.666669600000001
"Bakola",15:14:29.2,43.30351883333333,5.4621225,0.5694449,0,5.388893199999998
"Bakola",15:14:29.3,43.303519666666666,5.462122166666667,0.78611174,0,2.166668399999999
"Bakola",15:14:29.4,43.303521,5.4621216666666665,1.54444568,0,0
"Bakola",15:14:29.5,43.303522,5.4621208333333335,1.49166786,0,0.5277781999999998
"Bakola",15:14:29.6,43.30352283333333,5.4621208333333335,1.11388978,0,3.777780799999999
"Bakola",15:14:29.7,43.30352366666666,5.462121166666667,1.0138897,0,1.0000008000000005
"Bakola",15:14:29.8,43.303524333333336,5.4621215,0.82222288,0,1.9166682000000002
"Bakola",15:14:29.9,43.303525,5.462122333333334,0.86388958,0,0.41666700000000056
"Bakola",15:14:30.0,43.303525,5.462123166666667,0.74722282,0,1.166667600000001
"Bakola",15:14:30.1,43.303525666666665,5.4621241666666664,0.92222296,0,1.7500014000000008
"Bakola",15:14:30.2,43.303525666666665,5.462125166666667,0.85555624,0,0.6666672000000007
"Bakola",15:14:30.3,43.303525,5.4621265,1.13333424,0,2.7777799999999995
"Bakola",15:14:30.4,43.3035245,5.4621276666666665,1.0833342,0,0.5000004000000002
"Bakola",15:14:30.5,43.30352383333334,5.4621286666666675,1.18611206,0,1.0277786
"Bakola",15:14:30.6,43.30352333333333,5.462131166666667,1.95555712,0,0
"Bakola",15:14:30.7,43.30352283333333,5.462134,2.26944626,0,3.138891400000001
"Bakola",15:14:30.8,43.303522,5.462137333333334,2.8472245,0,5.777782399999998
"Bakola",15:14:30.9,43.30352166666667,5.4621395,2.13611282,0,0
"Bakola",15:14:31.0,43.30352083333334,5.462141166666667,1.51944566,0,0
"Bakola",15:14:31.1,43.303520166666665,5.4621425,1.42777892,0,0.9166673999999997
"Bakola",15:14:31.2,43.303519333333334,5.462143333333334,1.24722322,0,1.8055569999999999
"Bakola",15:14:31.3,43.3035185,5.462143833333334,1.19722318,0,0.5000004000000002
"Bakola",15:14:31.4,43.30351783333333,5.462145166666667,1.19166762,0,0.05555559999999904
"Bakola",15:14:31.5,43.3035175,5.462146666666667,1.19722318,0,0.05555559999999904
"Bakola",15:14:31.6,43.303517166666666,5.462148,1.2083343,0,0.1111112000000003
"Bakola",15:14:31.7,43.30351683333333,5.462149666666667,1.4444456,0,2.3611130000000013
"Bakola",15:14:31.8,43.30351666666666,5.462151,1.21388986,0,2.3055574
"Bakola",15:14:31.9,43.303516333333334,5.462152333333333,1.22777876,0,0.13888899999999982
"Bakola",15:14:32.0,43.303515833333336,5.4621535,1.13055646,0,0.972223000000001
"Bakola",15:14:32.1,43.30351533333333,5.462154333333334,0.98333412,0,1.4722234
"Bakola",15:14:32.2,43.30351483333333,5.4621553333333335,1.10000088,0,1.166667600000001
"Bakola",15:14:32.3,43.303514,5.4621561666666665,1.0555564,0,0.4444448000000012
"Bakola",15:14:32.4,43.30351366666666,5.462157,1.00833414,0,0.4722225999999985
"Bakola",15:14:32.5,43.303513333333335,5.462158,0.91944518,0,0.8888896000000013
"Bakola",15:14:32.6,43.30351316666666,5.462159166666667,1.08055642,0,1.6111124
"Bakola",15:14:32.7,43.303513,5.4621605,1.20555652,0,1.2500010000000006
"Bakola",15:14:32.8,43.303512833333336,5.462162,1.21944542,0,0.13888899999999982
"Bakola",15:14:32.9,43.30351233333333,5.4621631666666675,1.16111204,0,0.583333800000001
"Bakola",15:14:33.0,43.30351233333333,5.4621635,0.46666704,0,0
"Bakola",15:14:33.1,43.303512,5.462164,0.60555604,0,1.3888899999999997
"Bakola",15:14:33.2,43.303511666666665,5.462164,0.37222252,0,2.3333351999999996
"Bakola",15:14:33.3,43.30351133333333,5.462164,0.41944478,0,0.47222260000000016
"Bakola",15:14:33.4,43.30351116666667,5.462164,0.3194447,0,1.0000007999999998
"Bakola",15:14:33.5,43.303511,5.462163833333333,0,0,3.1944470000000003
"Bakola",15:14:33.6,43.30351066666667,5.462164,0.34166694,0,3.4166693999999995
"Bakola",15:14:33.7,43.30351016666666,5.4621645,0.61944494,0,2.777780000000001
"Bakola",15:14:33.8,43.30350966666666,5.4621648333333335,0.55833378,0,0.6111116000000005
"Bakola",15:14:33.9,43.303509,5.462165333333334,0.75277838,0,1.9444459999999997
"Bakola",15:14:34.0,43.30350816666667,5.462166,1.07777864,0,3.2500026
"Bakola",15:14:34.1,43.3035075,5.4621665,0.76666728,0,3.1111136000000004
"Bakola",15:14:34.2,43.303507,5.462167,0.73888948,0,0.27777799999999964
"Bakola",15:14:34.3,43.30350633333334,5.462167166666667,0.61388938,0,1.2500009999999995
"Bakola",15:14:34.4,43.30350583333333,5.462167333333333,0.55277822,0,0.6111116000000005
"Bakola",15:14:34.5,43.303505333333334,5.462167166666667,0.58055602,0,0.27777799999999964
"Bakola",15:14:34.6,43.303505,5.462166833333334,0.50555596,0,0.7500005999999992
"Bakola",15:14:34.7,43.30350466666667,5.4621665,0.58055602,0,0.7500005999999992
"Bakola",15:14:34.8,43.30350433333333,5.462166333333333,0.45277814,0,1.2777787999999994
"Bakola",15:14:34.9,43.30350383333333,5.462165833333334,0.62222272,0,1.6944458
"Bakola",15:14:35.0,43.30350333333333,5.462165666666667,0.58888936,0,0.3333335999999998
"Bakola",15:14:35.1,43.3035025,5.462165833333334,0.78055618,0,1.9166682000000002
"Bakola",15:14:35.2,43.3035015,5.462166,1.02222304,0,2.4166686000000004
"Bakola",15:14:35.3,43.303500666666665,5.462166333333333,1.06111196,0,0.38888919999999993
"Bakola",15:14:35.4,43.303499833333326,5.462167,1.15833426,0,0.9722229999999987
"Bakola",15:14:35.5,43.303498833333336,5.462167333333333,1.08888976,0,0.6944449999999991
"Bakola",15:14:35.6,43.30349833333334,5.462167333333333,0.75833394,0,3.3055582000000006
"Bakola",15:14:35.7,43.30349733333333,5.4621675,1.0277786,0,2.6944466
"Bakola",15:14:35.8,43.30349666666667,5.462167333333333,0.92222296,0,1.0555563999999995
"Bakola",15:14:35.9,43.303496,5.4621675,0.88055626,0,0.41666700000000056
"Bakola",15:14:36.0,43.303495166666664,5.462167,0.96666744,0,0.8611118000000006
"Bakola",15:14:36.1,43.30349433333333,5.462167,0.92222296,0,0.4444448000000001
"Bakola",15:14:36.2,43.30349366666667,5.462167333333333,0.89722294,0,0.2500002000000001
"Bakola",15:14:36.3,43.30349316666667,5.462168,0.92222296,0,0.2500002000000001
"Bakola",15:14:36.4,43.303492166666665,5.462169,1.3333344,0,4.1111144
"Bakola",15:14:36.5,43.303491333333334,5.462170166666667,1.33611218,0,0.02777779999999952
"Bakola",15:14:36.6,43.303491333333334,5.4621705,0.64166718,0,0
"Bakola",15:14:36.7,43.3034915,5.462171,0.43888924,0,2.0277793999999996
"Bakola",15:14:36.8,43.303491666666666,5.4621715,0.44166702,0,0.027777800000000075
"Bakola",15:14:36.9,43.30349183333333,5.462171666666667,0,0,4.4166701999999995
"Bakola",15:14:37.0,43.303491333333334,5.4621715,0,0,0
"Bakola",15:14:37.1,43.30349183333333,5.462171166666667,0.31388914,0,3.1388914
"Bakola",15:14:37.2,43.3034925,5.462171,0.50555596,0,1.9166682000000002
"Bakola",15:14:37.3,43.30349233333334,5.462170166666667,0.58888936,0,0.833334
"Bakola",15:14:37.4,43.30349233333334,5.4621695,0.59444492,0,0.05555560000000015
"Bakola",15:14:37.5,43.3034925,5.462168,0.98888968,0,3.9444475999999993
"Bakola",15:14:37.6,43.30349266666666,5.4621665,1.23888988,0,2.500002000000001
"Bakola",15:14:37.7,43.30349366666667,5.462165166666667,1.30833438,0,0.6944449999999991
"Bakola",15:14:37.8,43.30349433333333,5.462165,0.91111184,0,3.9722254
"Bakola",15:14:37.9,43.30349433333333,5.4621655,0.31111136,0,0
"Bakola",15:14:38.0,43.30349466666667,5.462166,0.60000048,0,2.8888911999999993
"Bakola",15:14:38.1,43.303495,5.462166833333334,0.64166718,0,0.41666700000000056
"Bakola",15:14:38.2,43.30349466666667,5.462167666666667,0.7361117,0,0.9444452000000003
"Bakola",15:14:38.3,43.303495,5.462168,0.48333372,0,2.5277798
"Bakola",15:14:38.4,43.303495166666664,5.4621683333333335,0.4444448,0,0.3888892000000005
"Bakola",15:14:38.5,43.30349566666666,5.462169,0.66944498,0,2.2500017999999997
"Bakola",15:14:38.6,43.303496,5.4621695,0.69166722,0,0.2222224000000006
"Bakola",15:14:38.7,43.30349683333333,5.462170333333334,0.95000076,0,2.5833353999999997
"Bakola",15:14:38.8,43.303497166666666,5.462171333333333,0.9583341,0,0.08333339999999967
"Bakola",15:14:38.9,43.30349783333333,5.462171333333333,0.73333392,0,2.2500017999999997
"Bakola",15:14:39.0,43.30349816666667,5.4621715,0.39444476,0,3.3888915999999996
"Bakola",15:14:39.1,43.30349866666666,5.462171333333333,0.48055594,0,0.8611118000000001
"Bakola",15:14:39.2,43.3035,5.4621705,1.10833422,0,0
"Bakola",15:14:39.3,43.30350266666667,5.462170333333334,2.36944634,0,0
"Bakola",15:14:39.4,43.303505,5.462170333333334,2.48889088,0,1.1944453999999993
"Bakola",15:14:39.5,43.3035075,5.462169333333334,2.82778004,0,3.388891599999999
"Bakola",15:14:39.6,43.303510333333335,5.462168,3.1250025,0,2.9722245999999997
"Bakola",15:14:39.7,43.303513,5.462167833333334,3.07500246,0,0.5000004000000002
"Bakola",15:14:39.8,43.30351566666667,5.462167666666667,2.93889124,0,1.3611122000000009
"Bakola",15:14:39.9,43.30351816666666,5.462166333333333,2.86666896,0,0.7222227999999964
"Bakola",15:14:40.0,43.30352033333334,5.4621648333333335,2.69722438,0,1.6944457999999996
"Bakola",15:14:40.1,43.30352166666667,5.462162833333334,2.13055726,0,5.666671200000004
"Bakola",15:14:40.2,43.30352316666667,5.462162666666667,1.68611246,0,4.444447999999999
"Bakola",15:14:40.3,43.30352466666666,5.462162333333334,1.84166814,0,1.5555567999999997
"Bakola",15:14:40.4,43.303526833333336,5.4621615,2.14444616,0,3.027780200000003
"Bakola",15:14:40.5,43.30352716666667,5.462160166666667,1.43611226,0,0
"Bakola",15:14:40.6,43.30352583333333,5.4621595,0.90833406,0,5.277781999999999
"Bakola",15:14:40.7,43.303526,5.462158666666666,0.72777836,0,1.805557000000001
"Bakola",15:14:40.8,43.3035255,5.462158666666666,0.38333364,0,3.4444471999999995
"Bakola",15:14:40.9,43.30352516666667,5.462159,0,0,3.8333363999999994
"Bakola",15:14:41.0,43.30352516666667,5.462157833333333,0.75277838,0,0
"Bakola",15:14:41.1,43.30352466666666,5.462157833333333,0.35833362,0,3.9444475999999993
"Bakola",15:14:41.2,43.30352416666666,5.462158666666666,0.555556,0,1.9722238000000003
"Bakola",15:14:41.3,43.30352233333333,5.4621595,1.59444572,0,0
"Bakola",15:14:41.4,43.303521,5.462159333333334,1.35833442,0,2.361112999999999
"Bakola",15:14:41.5,43.3035195,5.462159833333334,1.63611242,0,2.7777799999999986
"Bakola",15:14:41.6,43.30351733333334,5.462159166666667,2.1111128,0,4.7500038
"Bakola",15:14:41.7,43.30351533333333,5.4621596666666665,2.25555736,0,1.4444456000000017
"Bakola",15:14:41.8,43.303514166666666,5.462159833333334,1.46944562,0,0
"Bakola",15:14:41.9,43.3035125,5.462160333333333,1.56666792,0,0.972223000000001
"Bakola",15:14:42.0,43.30351133333333,5.462160333333333,1.53611234,0,0.30555579999999916
"Bakola",15:14:42.1,43.30351,5.4621606666666676,1.66944578,0,1.3333343999999991
"Bakola",15:14:42.2,43.3035085,5.462161,1.93611266,0,2.6666688000000005
"Bakola",15:14:42.3,43.3035075,5.462161833333334,1.7361125,0,2.000001600000001
"Bakola",15:14:42.4,43.30350683333334,5.462160833333333,1.00555636,0,0
"Bakola",15:14:42.5,43.3035075,5.462159166666667,1.38055666,0,3.7500030000000018
"Bakola",15:14:42.6,43.30350766666667,5.462158,1.18333428,0,1.9722238000000014
"Bakola",15:14:42.7,43.303508,5.462156,1.51666788,0,3.333336
"Bakola",15:14:42.8,43.303508666666666,5.4621545,1.28611214,0,2.3055574
"Bakola",15:14:42.9,43.30351,5.462153333333333,1.30000104,0,0.13888899999999982
"Bakola",15:14:43.0,43.3035115,5.462152666666667,1.60555684,0,3.0555580000000004
"Bakola",15:14:43.1,43.30351366666666,5.462152666666667,2.29444628,0,0
"Bakola",15:14:43.2,43.303515,5.4621525,1.6250013,0,0
"Bakola",15:14:43.3,43.30351683333333,5.462152166666667,2.00277938,0,3.7777808000000013
"Bakola",15:14:43.4,43.30351866666667,5.462151833333334,2.00555716,0,0.0277777999999973
"Bakola",15:14:43.5,43.303520166666665,5.462151666666667,1.7638903,0,2.4166686000000004
"Bakola",15:14:43.6,43.303522,5.462152166666667,2.06666832,0,3.0277801999999987
"Bakola",15:14:43.7,43.3035235,5.4621525,1.85833482,0,2.0833349999999973
"Bakola",15:14:43.8,43.30352466666666,5.462152166666667,1.4444456,0,4.138892199999999
"Bakola",15:14:43.9,43.30352583333333,5.462151166666667,1.50277898,0,0.5833337999999988
"Bakola",15:14:44.0,43.303527,5.462150333333334,1.13333424,0,3.6944474000000005
"Bakola",15:14:44.1,43.30352833333334,5.462149833333333,1.53055678,0,3.9722254
"Bakola",15:14:44.2,43.30352883333333,5.462148166666666,1.53889012,0,0.08333340000000078
"Bakola",15:14:44.3,43.30352966666667,5.462147166666667,1.31111216,0,2.2777796000000006
"Bakola",15:14:44.4,43.30353066666667,5.462146166666667,1.26666768,0,0.444444799999999
"Bakola",15:14:44.5,43.30353083333333,5.462144333333333,1.50277898,0,2.361112999999999
"Bakola",15:14:44.6,43.30353016666667,5.462142166666667,1.91111264,0,4.0833366
"Bakola",15:14:44.7,43.3035295,5.462140333333334,1.74722362,0,1.6388902000000005
"Bakola",15:14:44.8,43.303529,5.462138833333333,1.37222332,0,3.7500029999999995
"Bakola",15:14:44.9,43.30352833333334,5.4621365,1.9861127,0,0
"Bakola",15:14:45.0,43.3035275,5.462133833333334,2.35277966,0,3.6666695999999988
"Bakola",15:14:45.1,43.30352666666667,5.4621315,2.13055726,0,2.2222240000000015
"Bakola",15:14:45.2,43.30352633333333,5.462129666666667,1.55277902,0,5.777782399999998
"Bakola",15:14:45.3,43.3035255,5.462128166666667,1.58055682,0,0.27777799999999964
"Bakola",15:14:45.4,43.3035245,5.462127,1.52222344,0,0.5833337999999988
"Bakola",15:14:45.5,43.30352383333334,5.462125333333334,1.43333448,0,0.8888896000000002
"Bakola",15:14:45.6,43.3035235,5.462123833333333,1.23055654,0,2.0277794000000005
"Bakola",15:14:45.7,43.30352283333333,5.462122833333333,1.250001,0,0.19444459999999886
"Bakola",15:14:45.8,43.30352283333333,5.4621216666666665,0.9583341,0,2.9166689999999993
"Bakola",15:14:45.9,43.303523,5.4621205,1.05833418,0,1.0000007999999994
"Bakola",15:14:46.0,43.3035235,5.4621195,0.9305563,0,1.277778799999999
"Bakola",15:14:46.1,43.30352383333334,5.4621185,0.88611182,0,0.4444448000000001
"Bakola",15:14:46.2,43.30352416666666,5.462118,0.41111144,0,4.7500038
"Bakola",15:14:46.3,43.303525,5.462117833333333,0.7222228,0,3.1111136000000004
"Bakola",15:14:46.4,43.3035255,5.462117666666667,0.56111156,0,1.611112400000001
"Bakola",15:14:46.5,43.30352583333333,5.462116833333334,0.53888932,0,0.2222223999999995
"Bakola",15:14:46.6,43.30352666666667,5.462116666666667,0.68333388,0,1.4444455999999994
"Bakola",15:14:46.7,43.303526833333336,5.462115833333334,0.6388894,0,0.444444799999999
"Bakola",15:14:46.8,43.303527333333335,5.462115,0.65833386,0,0.19444459999999997
"Bakola",15:14:46.9,43.30352766666666,5.4621145,0.43333368,0,2.2500018
"Bakola",15:14:47.0,43.30352833333334,5.462114666666667,0.67777832,0,2.4444464000000004
"Bakola",15:14:47.1,43.303528666666665,5.4621145,0.5000004,0,1.7777792000000003
"Bakola",15:14:47.2,43.30352933333333,5.462115,0.69722278,0,1.9722238000000003
"Bakola",15:14:47.3,43.30352983333333,5.462115333333333,0.70277834,0,0.05555559999999904
"Bakola",15:14:47.4,43.30353,5.462115666666667,0.47500038,0,2.2777795999999992
"Bakola",15:14:47.5,43.30353016666667,5.4621165,0.75555616,0,2.8055578000000003
"Bakola",15:14:47.6,43.3035305,5.462117166666667,0.74722282,0,0.08333340000000078
"Bakola",15:14:47.7,43.30353016666667,5.462117666666667,0.56111156,0,1.8611126
"Bakola",15:14:47.8,43.3035295,5.462118333333334,0.85000068,0,2.8888911999999998
"Bakola",15:14:47.9,43.30352883333333,5.4621185,0.8472229,0,0.02777779999999952
"Bakola",15:14:48.0,43.303527833333334,5.462118833333333,1.06111196,0,2.1388906000000008
"Bakola",15:14:48.1,43.3035275,5.462119,0.65833386,0,4.027781
"Bakola",15:14:48.2,43.30352716666667,5.4621195,0.54722266,0,1.1111120000000008
"Bakola",15:14:48.3,43.303527,5.46212,0.57500046,0,0.27777800000000075
"Bakola",15:14:48.4,43.303526833333336,5.4621205,0.63055606,0,0.5555559999999993
"Bakola",15:14:48.5,43.3035265,5.462121166666667,0.73888948,0,1.0833342000000001
"Bakola",15:14:48.6,43.303526,5.462122,0.89722294,0,1.5833346000000004
"Bakola",15:14:48.7,43.30352583333333,5.462121833333334,0.38333364,0,5.1388929999999995
"Bakola",15:14:48.8,43.303526,5.462122,0,0,3.8333363999999994
"Bakola",15:14:48.9,43.30352616666667,5.462121833333334,0,0,0
"Bakola",15:14:49.0,43.30352633333333,5.4621208333333335,0.60555604,0,0
"Bakola",15:14:49.1,43.303526,5.462119833333334,0.78611174,0,1.8055569999999999
"Bakola",15:14:49.2,43.303526,5.462118833333333,0.81666732,0,0.30555580000000027
"Bakola",15:14:49.3,43.303526,5.4621165,1.70277914,0,0
"Bakola",15:14:49.4,43.30352616666667,5.462114833333334,1.3333344,0,3.6944474000000005
"Bakola",15:14:49.5,43.303527,5.4621145,0.86388958,0,4.694448199999999
"Bakola",15:14:49.6,43.303527,5.462114,0.53055598,0,3.333336
"Bakola",15:14:49.7,43.303527333333335,5.462114,0,0,5.3055598
"Bakola",15:14:49.8,43.303527833333334,5.4621138333333334,0.49722262,0,4.9722262
"Bakola",15:14:49.9,43.303528166666666,5.462115166666667,0.93333408,0,4.3611146
"Bakola",15:14:50.0,43.303529,5.462116833333334,1.62222352,0,0
"Bakola",15:14:50.1,43.30352966666667,5.4621185,1.60555684,0,0.16666679999999934
"Bakola",15:14:50.2,43.30353016666667,5.462119666666667,1.19722318,0,4.0833366
"Bakola",15:14:50.3,43.30353066666667,5.462120666666667,1.12222312,0,0.7500006000000004
"Bakola",15:14:50.4,43.30353066666667,5.4621225,1.4583345,0,3.361113800000002
"Bakola",15:14:50.5,43.303531,5.462123833333333,1.16111204,0,2.972224600000002
"Bakola",15:14:50.6,43.303531166666666,5.462124833333334,0.97500078,0,1.861112599999999
"Bakola",15:14:50.7,43.3035315,5.462125833333333,1.01111192,0,0.3611114000000004
"Bakola",15:14:50.8,43.303531666666665,5.462127333333334,1.20555652,0,1.9444459999999997
"Bakola",15:14:50.9,43.30353233333333,5.462128333333333,1.08888976,0,1.1666675999999998
"Bakola",15:14:51.0,43.3035325,5.4621295,1.06111196,0,0.27777799999999964
"Bakola",15:14:51.1,43.30353266666667,5.462130666666667,1.06111196,0,0
"Bakola",15:14:51.2,43.30353266666667,5.462131833333333,1.03333416,0,0.27777800000000186
"Bakola",15:14:51.3,43.30353233333333,5.462132666666667,0.87777848,0,1.5555567999999986
"Bakola",15:14:51.4,43.303532,5.462133333333334,0.78333396,0,0.9444452000000003
"Bakola",15:14:51.5,43.303532,5.462134333333333,0.75555616,0,0.27777799999999964
"Bakola",15:14:51.6,43.30353183333334,5.462134833333334,0.62777828,0,1.2777788
"Bakola",15:14:51.7,43.3035315,5.462135666666667,0.81111176,0,1.8333347999999994
"Bakola",15:14:51.8,43.303531,5.462136666666667,0.972223,0,1.6111124
"Bakola",15:14:51.9,43.30353083333333,5.4621375,0.81388954,0,1.5833345999999993
"Bakola",15:14:52.0,43.303530333333335,5.462138,0.6805561,0,1.3333344000000003
"Bakola",15:14:52.1,43.30353,5.462137833333334,0.46111148,0,2.1944462
"Bakola",15:14:52.2,43.3035295,5.462137666666667,0.4722226,0,0.11111119999999974
"Bakola",15:14:52.3,43.303529,5.462136833333333,0.73055614,0,2.5833354
"Bakola",15:14:52.4,43.303528666666665,5.4621355,0.96944522,0,2.3888907999999995
"Bakola",15:14:52.5,43.303528,5.462134333333333,1.08611198,0,1.166667600000001
"Bakola",15:14:52.6,43.303528,5.462133666666667,0.62222272,0,4.6388926
"Bakola",15:14:52.7,43.303528,5.462133,0.37222252,0,2.500002
"Bakola",15:14:52.8,43.30352833333334,5.462132833333333,0,0,3.7222252
"Bakola",15:14:52.9,43.303528666666665,5.462133,0.35555584,0,3.5555584
"Bakola",15:14:53.0,43.303529166666664,5.462133333333334,0.61388938,0,2.5833354
"Bakola",15:14:53.1,43.3035295,5.4621335,0.43333368,0,1.8055570000000003
"Bakola",15:14:53.2,43.30352983333333,5.462133666666667,0.5000004,0,0.6666672000000001
"Bakola",15:14:53.3,43.30353,5.462133666666667,0,0,5.000004
"Bakola",15:14:53.4,43.30353,5.462133166666667,0,0,0
"Bakola",15:14:53.5,43.30352983333333,5.4621325,0.4583337,0,4.583337
"Bakola",15:14:53.6,43.3035295,5.462131833333333,0.50555596,0,0.47222260000000016
"Bakola",15:14:53.7,43.30352966666667,5.4621315,0,0,5.0555596
"Bakola",15:14:53.8,43.30352983333333,5.462131666666666,0,0,0
"Bakola",15:14:53.9,43.30353016666667,5.462131833333333,0.35000028,0,3.5000028
"Bakola",15:14:54.0,43.3035305,5.462131833333333,0.42500034,0,0.7500005999999998
"Bakola",15:14:54.1,43.30353066666667,5.462131,0.51111152,0,0.8611118000000006
"Bakola",15:14:54.2,43.303531,5.462131,0.36944474,0,1.4166678000000004
"Bakola",15:14:54.3,43.303531,5.462131333333334,0,0,3.6944473999999996
"Bakola",15:14:54.4,43.3035305,5.462130666666667,0.50833374,0,5.0833374
"Bakola",15:14:54.5,43.30353,5.462129666666667,0.83055622,0,3.2222248
"Bakola",15:14:54.6,43.30353,5.462129,0.54444488,0,2.8611133999999994
"Bakola",15:14:54.7,43.30352983333333,5.462127833333334,0.82500066,0,2.8055578000000003
"Bakola",15:14:54.8,43.30352966666667,5.462128,0,0,0
"Bakola",15:14:54.9,43.303530333333335,5.4621295,1.0694453,0,0
"Bakola",15:14:55.0,43.3035305,5.4621315,1.54722346,0,4.777781600000002
"Bakola",15:14:55.1,43.3035305,5.462133333333334,1.49166786,0,0.5555560000000015
"Bakola",15:14:55.2,43.303530333333335,5.4621345,1.111112,0,3.8055585999999986
"Bakola",15:14:55.3,43.303530333333335,5.4621355,0.89722294,0,2.1388906000000008
"Bakola",15:14:55.4,43.303531,5.4621363333333335,0.90000072,0,0.02777779999999952
"Bakola",15:14:55.5,43.303532,5.462138,1.58055682,0,0
"Bakola",15:14:55.6,43.30353316666667,5.462139,1.54444568,0,0.3611114000000004
"Bakola",15:14:55.7,43.30353366666667,5.4621398333333335,1.15555648,0,3.8888919999999993
"Bakola",15:14:55.8,43.30353416666667,5.462140166666667,0.78333396,0,3.7222252
"Bakola",15:14:55.9,43.30353416666667,5.462140166666667,0,0,0
"Bakola",15:14:56.0,43.303534,5.4621405,0.33888916,0,3.3888916
"Bakola",15:14:56.1,43.30353433333333,5.4621405,0,0,3.3888916
"Bakola",15:14:56.2,43.30353483333334,5.4621405,0.46388926,0,4.6388926
"Bakola",15:14:56.3,43.30353516666666,5.4621398333333335,0.48888928,0,0.25000019999999956
"Bakola",15:14:56.4,43.30353566666666,5.462138333333334,0.99166746,0,5.0277818
"Bakola",15:14:56.5,43.30353566666666,5.4621371666666665,0.9305563,0,0.6111115999999994
"Bakola",15:14:56.6,43.303536,5.462135166666667,1.34444552,0,4.1388922
"Bakola",15:14:56.7,43.30353616666667,5.462133333333334,1.40000112,0,0.5555559999999993
"Bakola",15:14:56.8,43.3035365,5.4621315,1.41944558,0,0.19444460000000108
"Bakola",15:14:56.9,43.303537,5.46213,1.26111212,0,1.5833346000000015
"Bakola",15:14:57.0,43.3035375,5.462128833333334,1.18888984,0,0.7222227999999986
"Bakola",15:14:57.1,43.3035375,5.4621275,1.03888972,0,1.5000012000000007
"Bakola",15:14:57.2,43.30353716666667,5.462125666666667,1.17222316,0,1.3333343999999991
"Bakola",15:14:57.3,43.303536666666666,5.462124666666667,1.20277874,0,0.3055558000000014
"Bakola",15:14:57.4,43.303536,5.4621225,1.63611242,0,4.333336799999998
"Bakola",15:14:57.5,43.303535333333336,5.462120333333333,1.6944458,0,0.583333800000001
"Bakola",15:14:57.6,43.30353483333334,5.462119166666667,1.22500098,0,4.694448200000001
"Bakola",15:14:57.7,43.30353416666667,5.462118333333334,0.7777784,0,4.472225799999999
"Bakola",15:14:57.8,43.30353366666667,5.462117833333333,0.73888948,0,0.38888919999999993
"Bakola",15:14:57.9,43.303533333333334,5.462118,0.48888928,0,2.500002
"Bakola",15:14:58.0,43.30353283333333,5.4621185,0.64444496,0,1.5555567999999997
"Bakola",15:14:58.1,43.30353266666667,5.462118333333334,0.3472225,0,2.9722245999999997
"Bakola",15:14:58.2,43.30353233333333,5.462117666666667,0.46388926,0,1.1666676000000002
"Bakola",15:14:58.3,43.30353233333333,5.4621175,0,0,4.6388926
"Bakola",15:14:58.4,43.30353233333333,5.462116833333334,0.35555584,0,3.5555584
"Bakola",15:14:58.5,43.30353233333333,5.462115833333334,0.66944498,0,3.1388913999999994
"Bakola",15:14:58.6,43.3035325,5.4621145,0.87222292,0,2.0277794000000005
"Bakola",15:14:58.7,43.3035325,5.462113666666666,0.66944498,0,2.0277794000000005
"Bakola",15:14:58.8,43.30353266666667,5.462113333333334,0.36388918,0,3.0555579999999996
"Bakola",15:14:58.9,43.30353266666667,5.462113166666667,0,0,3.6388917999999997
"Bakola",15:14:59.0,43.303533,5.462113333333334,0,0,0
"Bakola",15:14:59.1,43.303533333333334,5.462114166666667,0.75833394,0,0
"Bakola",15:14:59.2,43.30353383333333,5.462115333333333,1.01111192,0,2.5277798000000007
"Bakola",15:14:59.3,43.30353433333333,5.462116666666667,1.24722322,0,2.361112999999999
"Bakola",15:14:59.4,43.3035345,5.4621175,0.8194451,0,4.277781199999999
"Bakola",15:14:59.5,43.30353483333334,5.462118333333334,0.8194451,0,0
"Bakola",15:14:59.6,43.30353516666666,5.462120166666667,1.38055666,0,5.611115600000001
"Bakola",15:14:59.7,43.3035355,5.4621215,1.18888984,0,1.9166682000000002
"Bakola",15:14:59.8,43.30353583333333,5.462122166666667,0.83611178,0,3.527780600000001
"Bakola",15:14:59.9,43.30353583333333,5.462122833333333,0.53888932,0,2.9722245999999997
"Bakola",15:15:00.0,43.30353583333333,5.462123166666667,0.31111136,0,2.2777795999999997
"Bakola",15:15:00.1,43.303536,5.462123,0,0,3.1111136
"Bakola",15:15:00.2,43.30353583333333,5.462123,0,0,0
"Bakola",15:15:00.3,43.303535333333336,5.462122166666667,0.71666724,0,0
"Bakola",15:15:00.4,43.30353516666666,5.462121333333333,0.79722286,0,0.8055561999999994
"Bakola",15:15:00.5,43.30353483333334,5.4621205,0.76111172,0,0.3611113999999993
"Bakola",15:15:00.6,43.3035345,5.462119333333334,0.89444516,0,1.3333343999999991
"Bakola",15:15:00.7,43.303534,5.462117833333333,1.30277882,0,4.083336599999999
"Bakola",15:15:00.8,43.30353316666667,5.462116333333333,1.45555672,0,1.5277790000000002
"Bakola",15:15:00.9,43.303533,5.4621155,0.85833402,0,5.972226999999998
"Bakola",15:15:01.0,43.30353283333333,5.462115,0.49722262,0,3.611114
"Bakola",15:15:01.1,43.30353266666667,5.462115166666667,0,0,4.9722262
"Bakola",15:15:01.2,43.30353266666667,5.4621155,0,0,0
"Bakola",15:15:01.3,43.30353266666667,5.462115833333334,0.31111136,0,3.1111136
"Bakola",15:15:01.4,43.30353283333333,5.462116,0,0,3.1111136
"Bakola",15:15:01.5,43.303533,5.462116166666666,0,0,0
"Bakola",15:15:01.6,43.30353316666667,5.462116333333333,0,0,0
"Bakola",15:15:01.7,43.3035335,5.462116166666666,0,0,0
"Bakola",15:15:01.8,43.30353383333333,5.462116,0,0,0
"Bakola",15:15:01.9,43.30353383333333,5.462115833333334,0,0,0
"Bakola",15:15:02.0,43.30353416666667,5.4621155,0,0,0
"Bakola",15:15:02.1,43.30353433333333,5.462115166666667,0.32500026,0,3.2500025999999997
"Bakola",15:15:02.2,43.3035345,5.462114666666667,0.30833358,0,0.1666667999999999
"Bakola",15:15:02.3,43.3035345,5.462114166666667,0.33888916,0,0.30555580000000027
"Bakola",15:15:02.4,43.30353433333333,5.462114,0,0,3.3888916
"Bakola",15:15:02.5,43.303534666666664,5.4621138333333334,0,0,0
"Bakola",15:15:02.6,43.303535,5.462113666666666,0,0,0
"Bakola",15:15:02.7,43.303535,5.462113666666666,0,0,0
"Bakola",15:15:02.8,43.30353516666666,5.4621135,0,0,0
"Bakola",15:15:02.9,43.303535333333336,5.462113666666666,0,0,0
"Bakola",15:15:03.0,43.30353583333333,5.4621138333333334,0.38333364,0,3.8333363999999994
"Bakola",15:15:03.1,43.30353616666667,5.462114,0.35277806,0,0.3055557999999997
"Bakola",15:15:03.2,43.303536,5.462113666666666,0,0,3.5277806
"Bakola",15:15:03.3,43.30353566666666,5.462112833333333,0.55277822,0,5.5277822
"Bakola",15:15:03.4,43.30353516666666,5.462112166666667,0.8055562,0,2.5277797999999994
"Bakola",15:15:03.5,43.3035345,5.4621113333333335,0.91944518,0,1.1388898000000003
"Bakola",15:15:03.6,43.30353433333333,5.462110666666667,0.58888936,0,3.3055581999999992
"Bakola",15:15:03.7,43.30353416666667,5.462110166666667,0.46666704,0,1.2222232000000004
"Bakola",15:15:03.8,43.303534,5.462109833333333,0.32222248,0,1.4444455999999999
"Bakola",15:15:03.9,43.303534,5.462109333333333,0,0,3.2222248
"Bakola",15:15:04.0,43.30353416666667,5.462108833333334,0.35833362,0,3.5833362
"Bakola",15:15:04.1,43.3035345,5.4621085,0.39722254,0,0.38888919999999993
"Bakola",15:15:04.2,43.303534666666664,5.462108166666667,0.3055558,0,0.9166674000000002
"Bakola",15:15:04.3,43.30353483333334,5.462108,0,0,3.0555579999999996
"Bakola",15:15:04.4,43.303535,5.462108,0,0,0
"Bakola",15:15:04.5,43.3035345,5.462107666666666,0,0,0
"Bakola",15:15:04.6,43.303534,5.4621075,0.47500038,0,4.7500038
"Bakola",15:15:04.7,43.30353383333333,5.462107666666666,0,0,4.7500038
"Bakola",15:15:04.8,43.30353383333333,5.4621078333333335,0,0,0
"Bakola",15:15:04.9,43.30353383333333,5.462108166666667,0,0,0
"Bakola",15:15:05.0,43.30353383333333,5.462109,0.694445,0,0
"Bakola",15:15:05.1,43.30353366666667,5.462109166666667,0.35277806,0,3.4166693999999995
"Bakola",15:15:05.2,43.3035335,5.4621086666666665,0,0,3.5277806
"Bakola",15:15:05.3,43.3035335,5.462108166666667,0.35000028,0,3.5000028
"Bakola",15:15:05.4,43.30353366666667,5.462108166666667,0,0,3.5000028
"Bakola",15:15:05.5,43.303534,5.462108166666667,0,0,0
"Bakola",15:15:05.6,43.30353416666667,5.4621078333333335,0,0,0
"Bakola",15:15:05.7,43.30353416666667,5.4621078333333335,0,0,0
"Bakola",15:15:05.8,43.30353416666667,5.462108166666667,0,0,0
"Bakola",15:15:05.9,43.303534,5.462108,0,0,0
"Bakola",15:15:06.0,43.30353383333333,5.462108,0,0,0
"Bakola",15:15:06.1,43.3035335,5.4621085,0.35833362,0,3.5833362
"Bakola",15:15:06.2,43.303533,5.4621086666666665,0.5277782,0,1.6944457999999996
"Bakola",15:15:06.3,43.30353233333333,5.462109166666667,0.75833394,0,2.3055574
"Bakola",15:15:06.4,43.3035325,5.462109333333333,0,0,0
"Bakola",15:15:06.5,43.303533333333334,5.4621085,0.87777848,0,0
"Bakola",15:15:06.6,43.3035325,5.462108166666667,0.54722266,0,3.3055582000000006
"Bakola",15:15:06.7,43.303531166666666,5.4621086666666665,1.13611202,0,5.8888935999999985
"Bakola",15:15:06.8,43.303531166666666,5.4621078333333335,0.4861115,0,0
"Bakola",15:15:06.9,43.30353083333333,5.462107333333333,0.5833338,0,0.9722230000000004
"Bakola",15:15:07.0,43.30353083333333,5.462107,0.42777812,0,1.5555568000000002
"Bakola",15:15:07.1,43.303531,5.462107,0,0,4.2777812
"Bakola",15:15:07.2,43.303531,5.462106666666667,0,0,0
"Bakola",15:15:07.3,43.30353133333333,5.4621065,0,0,0
"Bakola",15:15:07.4,43.303531666666665,5.462107,0.43333368,0,4.3333368
"Bakola",15:15:07.5,43.30353216666666,5.4621075,0.54444488,0,1.111112
"Bakola",15:15:07.6,43.30353266666667,5.4621075,0.51944486,0,0.2500002000000001
"Bakola",15:15:07.7,43.303533,5.4621075,0.37777808,0,1.4166678
"Bakola",15:15:07.8,43.303533333333334,5.462107666666666,0.45277814,0,0.7500005999999998
"Bakola",15:15:07.9,43.30353366666667,5.462108166666667,0.4027781,0,0.5000004000000002
"Bakola",15:15:08.0,43.30353383333333,5.462108333333334,0.30833358,0,0.9444451999999998
"Bakola",15:15:08.1,43.303534,5.462109,0.46666704,0,1.5833345999999997
"Bakola",15:15:08.2,43.30353416666667,5.4621095,0.48055594,0,0.13888900000000037
"Bakola",15:15:08.3,43.30353433333333,5.462110166666667,0.58611158,0,1.0555563999999995
"Bakola",15:15:08.4,43.3035345,5.462111166666666,0.6805561,0,0.9444452000000003
"Bakola",15:15:08.5,43.303534666666664,5.462111833333334,0.61666716,0,0.6388894
"Bakola",15:15:08.6,43.303534666666664,5.462112166666667,0.31388914,0,3.0277801999999996
"Bakola",15:15:08.7,43.3035345,5.4621125,0.34444472,0,0.3055557999999997
"Bakola",15:15:08.8,43.3035345,5.462112833333333,0.31666692,0,0.27777799999999964
"Bakola",15:15:08.9,43.30353433333333,5.462112833333333,0,0,3.1666692
"Bakola",15:15:09.0,43.30353416666667,5.462112666666667,0,0,0
"Bakola",15:15:09.1,43.303534,5.462112333333333,0,0,0
"Bakola",15:15:09.2,43.30353383333333,5.462112,0.3194447,0,3.1944470000000003
"Bakola",15:15:09.3,43.3035335,5.4621115,0.45277814,0,1.3333343999999996
"Bakola",15:15:09.4,43.303533,5.4621113333333335,0.42777812,0,0.2500002000000001
"Bakola",15:15:09.5,43.30353283333333,5.4621113333333335,0,0,4.2777812
"Bakola",15:15:09.6,43.30353266666667,5.462111,0,0,0
"Bakola",15:15:09.7,43.30353266666667,5.462110833333334,0,0,0
"Bakola",15:15:09.8,43.30353283333333,5.462110833333334,0,0,0
"Bakola",15:15:09.9,43.303533,5.462110666666667,0,0,0
"Bakola",15:15:10.0,43.30353316666667,5.462110666666667,0,0,0
"Bakola",15:15:10.1,43.3035335,5.462110666666667,0,0,0
"Bakola",15:15:10.2,43.303534,5.462110666666667,0.48888928,0,4.8888928
"Bakola",15:15:10.3,43.30353416666667,5.4621105,0.33888916,0,1.5000011999999996
"Bakola",15:15:10.4,43.30353433333333,5.462110666666667,0,0,3.3888916
"Bakola",15:15:10.5,43.3035345,5.462110833333334,0,0,0
"Bakola",15:15:10.6,43.303534666666664,5.462110666666667,0,0,0
"Bakola",15:15:10.7,43.30353483333334,5.462110833333334,0,0,0
"Bakola",15:15:10.8,43.30353483333334,5.462110833333334,0,0,0
"Bakola",15:15:10.9,43.30353483333334,5.462110833333334,0,0,0
"Bakola",15:15:11.0,43.30353483333334,5.462110666666667,0,0,0
"Bakola",15:15:11.1,43.30353483333334,5.462110666666667,0,0,0
"Bakola",15:15:11.2,43.303534666666664,5.4621105,0,0,0
"Bakola",15:15:11.3,43.3035345,5.4621105,0,0,0
"Bakola",15:15:11.4,43.3035345,5.4621105,0,0,0
"Bakola",15:15:11.5,43.30353416666667,5.4621105,0,0,0
"Bakola",15:15:11.6,43.303534,5.462110166666667,0,0,0
"Bakola",15:15:11.7,43.30353383333333,5.46211,0,0,0
"Bakola",15:15:11.8,43.30353366666667,5.462109833333333,0,0,0
"Bakola",15:15:11.9,43.30353366666667,5.4621096666666675,0,0,0
"Bakola",15:15:12.0,43.3035335,5.4621096666666675,0,0,0
"Bakola",15:15:12.1,43.303533333333334,5.4621096666666675,0,0,0
"Bakola",15:15:12.2,43.303533333333334,5.4621095,0,0,0
"Bakola",15:15:12.3,43.303533333333334,5.4621096666666675,0,0,0
"Bakola",15:15:12.4,43.303533333333334,5.4621096666666675,0,0,0
"Bakola",15:15:12.5,43.303533333333334,5.4621096666666675,0,0,0
"Bakola",15:15:12.6,43.303533333333334,5.4621096666666675,0,0,0
"Bakola",15:15:12.7,43.3035335,5.4621095,0,0,0
"Bakola",15:15:12.8,43.3035335,5.462109333333333,0,0,0
"Bakola",15:15:12.9,43.3035335,5.462109333333333,0,0,0
"Bakola",15:15:13.0,43.30353366666667,5.462109333333333,0,0,0
"Bakola",15:15:13.1,43.30353366666667,5.462109333333333,0,0,0
"Bakola",15:15:13.2,43.30353383333333,5.462109333333333,0,0,0
"Bakola",15:15:13.3,43.30353416666667,5.462109333333333,0,0,0
"Bakola",15:15:13.4,43.30353416666667,5.462109333333333,0,0,0
"Bakola",15:15:13.5,43.3035345,5.4621095,0,0,0
"Bakola",15:15:13.6,43.303534666666664,5.4621095,0,0,0
"Bakola",15:15:13.7,43.30353483333334,5.4621095,0,0,0
"Bakola",15:15:13.8,43.303535,5.4621096666666675,0,0,0
"Bakola",15:15:13.9,43.303535,5.4621096666666675,0,0,0
"Bakola",15:15:14.0,43.30353516666666,5.4621096666666675,0,0,0
"Bakola",15:15:14.1,43.303535333333336,5.462109833333333,0,0,0
"Bakola",15:15:14.2,43.303535333333336,5.462109833333333,0,0,0
"Bakola",15:15:14.3,43.30353516666666,5.46211,0,0,0
"Bakola",15:15:14.4,43.30353516666666,5.462110166666667,0,0,0
"Bakola",15:15:14.5,43.30353483333334,5.4621105,0.34444472,0,3.4444471999999995
"Bakola",15:15:14.6,43.303534666666664,5.462110666666667,0.3055558,0,0.38888919999999993
"Bakola",15:15:14.7,43.303534666666664,5.462110833333334,0,0,3.0555579999999996
"Bakola",15:15:14.8,43.303534666666664,5.462111,0,0,0
"Bakola",15:15:14.9,43.30353483333334,5.462111166666666,0,0,0
"Bakola",15:15:15.0,43.30353516666666,5.462111,0,0,0
"Bakola",15:15:15.1,43.3035355,5.462110833333334,0.42777812,0,4.2777812
"Bakola",15:15:15.2,43.303536,5.462110166666667,0.65555608,0,2.2777795999999997
"Bakola",15:15:15.3,43.3035365,5.4621096666666675,0.71944502,0,0.6388894
"Bakola",15:15:15.4,43.30353683333333,5.462109166666667,0.60000048,0,1.1944454000000004
"Bakola",15:15:15.5,43.303537,5.4621086666666665,0.4861115,0,1.1388897999999996
"Bakola",15:15:15.6,43.30353733333333,5.4621085,0.40555588,0,0.8055562
"Bakola",15:15:15.7,43.3035375,5.462108333333334,0.3194447,0,0.8611117999999995
"Bakola",15:15:15.8,43.30353766666667,5.462108333333334,0,0,3.1944470000000003
"Bakola",15:15:15.9,43.30353783333334,5.4621086666666665,0,0,0
"Bakola",15:15:16.0,43.30353783333334,5.462109,0,0,0
"Bakola",15:15:16.1,43.30353783333334,5.462109333333333,0.35555584,0,3.5555584
"Bakola",15:15:16.2,43.303538,5.4621096666666675,0,0,3.5555584
"Bakola",15:15:16.3,43.30353816666666,5.462109833333333,0,0,0
"Bakola",15:15:16.4,43.3035385,5.462109833333333,0.35000028,0,3.5000028
"Bakola",15:15:16.5,43.30353866666666,5.462109833333333,0.34444472,0,0.05555560000000015
"Bakola",15:15:16.6,43.30353916666667,5.4621095,0.4444448,0,1.0000007999999998
"Bakola",15:15:16.7,43.303539666666666,5.4621095,0.60000048,0,1.5555567999999997
"Bakola",15:15:16.8,43.30354033333333,5.4621095,0.6250005,0,0.2500002000000001
"Bakola",15:15:16.9,43.30354083333333,5.462109333333333,0.6250005,0,0
"Bakola",15:15:17.0,43.30354116666667,5.462109,0.50277818,0,1.2222232
"Bakola",15:15:17.1,43.303541333333335,5.462109,0.37222252,0,1.3055565999999996
"Bakola",15:15:17.2,43.3035415,5.462109,0,0,3.7222252
"Bakola",15:15:17.3,43.303541333333335,5.462108833333334,0,0,0
"Bakola",15:15:17.4,43.303541333333335,5.4621086666666665,0,0,0
"Bakola",15:15:17.5,43.30354116666667,5.4621085,0,0,0
"Bakola",15:15:17.6,43.303541,5.4621085,0,0,0
"Bakola",15:15:17.7,43.30354066666667,5.4621085,0,0,0
"Bakola",15:15:17.8,43.30354033333333,5.4621085,0.31111136,0,3.1111136
"Bakola",15:15:17.9,43.30354,5.4621086666666665,0.35833362,0,0.47222260000000016
"Bakola",15:15:18.0,43.3035395,5.4621086666666665,0.38333364,0,0.25000019999999956
"Bakola",15:15:18.1,43.30353916666667,5.4621086666666665,0.38055586,0,0.02777779999999952
"Bakola",15:15:18.2,43.30353866666666,5.4621086666666665,0.38333364,0,0.02777779999999952
"Bakola",15:15:18.3,43.303538333333336,5.462108833333334,0.40555588,0,0.22222240000000004
"Bakola",15:15:18.4,43.303538,5.4621086666666665,0.3055558,0,1.0000007999999998
"Bakola",15:15:18.5,43.30353783333334,5.462109,0.30277802,0,0.027777800000000075
"Bakola",15:15:18.6,43.30353783333334,5.4621095,0,0,3.0277801999999996
"Bakola",15:15:18.7,43.30353816666666,5.462109833333333,0.4305559,0,4.305559
"Bakola",15:15:18.8,43.303538333333336,5.462110166666667,0.46111148,0,0.30555580000000027
"Bakola",15:15:18.9,43.30353866666666,5.462110666666667,0.5416671,0,0.8055561999999994
"Bakola",15:15:19.0,43.303538833333334,5.462111166666666,0.57222268,0,0.30555580000000027
"Bakola",15:15:19.1,43.303538833333334,5.462111666666667,0.46111148,0,1.1111119999999997
"Bakola",15:15:19.2,43.303538833333334,5.462112,0.31111136,0,1.5000012
"Bakola",15:15:19.3,43.3035385,5.462112166666667,0.32777804,0,0.1666667999999999
"Bakola",15:15:19.4,43.3035385,5.462112,0,0,3.2777803999999997
"Bakola",15:15:19.5,43.30353816666666,5.462112,0,0,0
"Bakola",15:15:19.6,43.30353783333334,5.462111666666667,0,0,0
"Bakola",15:15:19.7,43.30353733333333,5.4621115,0.5000004,0,5.000004
"Bakola",15:15:19.8,43.303537,5.462111666666667,0.39722254,0,1.0277786
"Bakola",15:15:19.9,43.30353683333333,5.462111833333334,0.35277806,0,0.4444448000000001
"Bakola",15:15:20.0,43.303536333333334,5.462112166666667,0.55277822,0,2.0000015999999996
"Bakola",15:15:20.1,43.303536,5.462112833333333,0.67222276,0,1.1944454000000004
"Bakola",15:15:20.2,43.303536,5.4621135,0.57222268,0,1.0000008000000005
"Bakola",15:15:20.3,43.30353566666666,5.462114,0.50555596,0,0.6666671999999996
"Bakola",15:15:20.4,43.303535333333336,5.4621145,0.50555596,0,0
"Bakola",15:15:20.5,43.303535,5.462114833333334,0.50555596,0,0
"Bakola",15:15:20.6,43.303534666666664,5.462114833333334,0.3888892,0,1.1666676000000002
"Bakola",15:15:20.7,43.3035345,5.462114666666667,0.32222248,0,0.6666672000000001
"Bakola",15:15:20.8,43.30353416666667,5.462114333333334,0.46111148,0,1.3888900000000004
"Bakola",15:15:20.9,43.30353383333333,5.4621138333333334,0.51944486,0,0.5833337999999999
"Bakola",15:15:21.0,43.3035335,5.4621135,0.45555592,0,0.6388894
"Bakola",15:15:21.1,43.303533,5.462113,0.55277822,0,0.9722229999999998
"Bakola",15:15:21.2,43.30353266666667,5.462112833333333,0.4027781,0,1.5000012
"Bakola",15:15:21.3,43.30353266666667,5.462113,0,0,4.027780999999999
"Bakola",15:15:21.4,43.30353266666667,5.462113166666667,0,0,0
"Bakola",15:15:21.5,43.30353283333333,5.462113333333334,0,0,0
"Bakola",15:15:21.6,43.30353283333333,5.462113666666666,0,0,0
"Bakola",15:15:21.7,43.303533,5.462114166666667,0.39444476,0,3.9444475999999997
"Bakola",15:15:21.8,43.30353316666667,5.462114666666667,0.38055586,0,0.13888899999999982
"Bakola",15:15:21.9,43.30353316666667,5.4621155,0.61666716,0,2.3611129999999996
"Bakola",15:15:22.0,43.303533333333334,5.462116166666666,0.58055602,0,0.3611114000000004
"Bakola",15:15:22.1,43.30353316666667,5.462116666666667,0.4444448,0,1.3611121999999998
"Bakola",15:15:22.2,43.303533333333334,5.462117,0.30000024,0,1.4444455999999999
"Bakola",15:15:22.3,43.303533333333334,5.462117,0,0,3.0000023999999996
"Bakola",15:15:22.4,43.303533333333334,5.462116833333334,0,0,0
"Bakola",15:15:22.5,43.30353366666667,5.4621165,0,0,0
"Bakola",15:15:22.6,43.30353383333333,5.462115833333334,0.61944494,0,0
"Bakola",15:15:22.7,43.303534,5.462115333333333,0.51666708,0,1.027778600000001
"Bakola",15:15:22.8,43.303534,5.462115,0.37777808,0,1.3888899999999993
"Bakola",15:15:22.9,43.303534,5.462114833333334,0,0,3.7777808
"Bakola",15:15:23.0,43.303534,5.462115,0,0,0
"Bakola",15:15:23.1,43.303534,5.462115166666667,0,0,0
"Bakola",15:15:23.2,43.303534,5.4621155,0,0,0
"Bakola",15:15:23.3,43.303534,5.462115666666667,0,0,0
"Bakola",15:15:23.4,43.30353383333333,5.462115333333333,0,0,0
"Bakola",15:15:23.5,43.30353383333333,5.462114833333334,0.38333364,0,3.8333363999999994
"Bakola",15:15:23.6,43.30353366666667,5.4621145,0.37777808,0,0.055555599999999594
"Bakola",15:15:23.7,43.30353366666667,5.4621145,0,0,3.7777808
"Bakola",15:15:23.8,43.30353416666667,5.462114833333334,0.41388922,0,4.1388922
"Bakola",15:15:23.9,43.303534666666664,5.462115,0.57500046,0,1.6111124000000003
"Bakola",15:15:24.0,43.303535333333336,5.462116,0.91388962,0,3.388891599999999
"Bakola",15:15:24.1,43.30353583333333,5.462116333333333,0.73888948,0,1.7500013999999997
"Bakola",15:15:24.2,43.30353583333333,5.462115833333334,0.31666692,0,4.2222256
"Bakola",15:15:24.3,43.303536,5.462115333333333,0.38333364,0,0.6666671999999996
"Bakola",15:15:24.4,43.30353566666666,5.462114666666667,0.46944482,0,0.8611118000000001
"Bakola",15:15:24.5,43.3035355,5.462114,0.66111164,0,1.9166682000000002
"Bakola",15:15:24.6,43.303535333333336,5.462112333333333,1.11388978,0,4.5277814
"Bakola",15:15:24.7,43.303535,5.4621115,0.86388958,0,2.500002
"Bakola",15:15:24.8,43.30353483333334,5.462110666666667,0.61666716,0,2.4722242000000003
"Bakola",15:15:24.9,43.303535,5.462110333333333,0.40555588,0,2.1111128
"Bakola",15:15:25.0,43.303535,5.46211,0,0,4.055558799999999
"Bakola",15:15:25.1,43.303535,5.46211,0,0,0
"Bakola",15:15:25.2,43.30353516666666,5.462110166666667,0,0,0
"Bakola",15:15:25.3,43.30353516666666,5.462110833333334,0.46388926,0,4.6388926
"Bakola",15:15:25.4,43.303535,5.462111666666667,0.7500006,0,2.8611134
"Bakola",15:15:25.5,43.303534666666664,5.462111666666667,0.41944478,0,3.3055581999999997
"Bakola",15:15:25.6,43.3035345,5.462111666666667,0,0,4.1944478
"Bakola",15:15:25.7,43.303534666666664,5.462111666666667,0,0,0
"Bakola",15:15:25.8,43.30353483333334,5.4621115,0,0,0
"Bakola",15:15:25.9,43.30353483333334,5.4621115,0,0,0
"Bakola",15:15:26.0,43.30353483333334,5.462112166666667,0.4027781,0,4.027780999999999
"Bakola",15:15:26.1,43.303535,5.462113,0.70555612,0,3.0277802
"Bakola",15:15:26.2,43.30353516666666,5.462114166666667,0.92777852,0,2.222224
"Bakola",15:15:26.3,43.30353516666666,5.4621155,1.05277862,0,1.2500009999999995
"Bakola",15:15:26.4,43.303535,5.4621165,0.77500062,0,2.7777799999999995
"Bakola",15:15:26.5,43.303534666666664,5.462117333333334,0.75833394,0,0.16666680000000045
"Bakola",15:15:26.6,43.30353433333333,5.462118166666667,0.8055562,0,0.4722225999999996
"Bakola",15:15:26.7,43.30353416666667,5.462118666666667,0.56111156,0,2.4444464
"Bakola",15:15:26.8,43.30353416666667,5.462119833333334,0.83055622,0,2.6944466
"Bakola",15:15:26.9,43.303534,5.4621208333333335,0.83611178,0,0.05555560000000015
"Bakola",15:15:27.0,43.30353366666667,5.462122,1.07500086,0,2.388890800000001
"Bakola",15:15:27.1,43.303534,5.4621215,0,0,0
"Bakola",15:15:27.2,43.30353433333333,5.462119666666667,1.26666768,0,0
"Bakola",15:15:27.3,43.30353416666667,5.462118666666667,1.00277858,0,2.638891000000001
"Bakola",15:15:27.4,43.30353366666667,5.462116166666666,1.75833474,0,0
"Bakola",15:15:27.5,43.30353433333333,5.462115,1.1666676,0,5.916671399999999
"Bakola",15:15:27.6,43.30353416666667,5.4621135,1.28611214,0,1.1944453999999993
"Bakola",15:15:27.7,43.30353483333334,5.462111833333334,1.45277894,0,1.666668
"Bakola",15:15:27.8,43.30353616666667,5.462110333333333,1.64444576,0,1.9166682000000002
"Bakola",15:15:27.9,43.30353733333333,5.4621096666666675,1.49166786,0,1.5277790000000002
"Bakola",15:15:28.0,43.3035385,5.462109166666667,1.29444548,0,1.9722237999999992
"Bakola",15:15:28.1,43.303538833333334,5.4621085,0.97777856,0,3.1666692000000007
"Bakola",15:15:28.2,43.30353866666666,5.4621075,0.92777852,0,0.5000003999999991
"Bakola",15:15:28.3,43.303538,5.462106333333334,0.97500078,0,0.4722225999999996
"Bakola",15:15:28.4,43.303538,5.4621051666666665,0.86388958,0,1.1111119999999997
"Bakola",15:15:28.5,43.30353783333334,5.462105,0.48333372,0,3.8055586
"Bakola",15:15:28.6,43.30353733333333,5.4621045,0.60833382,0,1.250001
"Bakola",15:15:28.7,43.303536666666666,5.462104,0.71111168,0,1.0277786
"Bakola",15:15:28.8,43.303536333333334,5.462104166666667,0.42222256,0,2.8888911999999998
"Bakola",15:15:28.9,43.30353616666667,5.462103833333334,0.32777804,0,0.9444452000000003
"Bakola",15:15:29.0,43.30353583333333,5.462103666666667,0,0,3.2777803999999997
"Bakola",15:15:29.1,43.30353583333333,5.462103833333334,0,0,0
"Bakola",15:15:29.2,43.303536,5.4621043333333335,0.32500026,0,3.2500025999999997
"Bakola",15:15:29.3,43.30353616666667,5.462104833333333,0.46666704,0,1.4166678
"Bakola",15:15:29.4,43.3035365,5.462105666666667,0.7222228,0,2.5555576000000007
"Bakola",15:15:29.5,43.30353683333333,5.462106666666667,0.88333404,0,1.6111124
"Bakola",15:15:29.6,43.30353716666667,5.462107,0.57222268,0,3.1111136000000004
"Bakola",15:15:29.7,43.30353733333333,5.462107333333333,0.36666696,0,2.0555572
"Bakola",15:15:29.8,43.30353716666667,5.4621075,0,0,3.6666695999999996
"Bakola",15:15:29.9,43.303536666666666,5.462107333333333,0.36944474,0,3.6944473999999996
"Bakola",15:15:30.0,43.3035365,5.4621078333333335,0.4305559,0,0.6111116
"Bakola",15:15:30.1,43.30353616666667,5.4621086666666665,0.68333388,0,2.5277797999999994
"Bakola",15:15:30.2,43.303536,5.462109333333333,0.57222268,0,1.1111119999999997
"Bakola",15:15:30.3,43.30353616666667,5.462110333333333,0.74722282,0,1.7500013999999997
"Bakola",15:15:30.4,43.303536333333334,5.462111,0.63333384,0,1.1388897999999992
"Bakola",15:15:30.5,43.3035365,5.4621113333333335,0.35277806,0,2.8055578000000003
"Bakola",15:15:30.6,43.303536666666666,5.462111833333334,0.5000004,0,1.4722234
"Bakola",15:15:30.7,43.30353683333333,5.462112,0,0,5.000004
"Bakola",15:15:30.8,43.303537,5.462111666666667,0,0,0
"Bakola",15:15:30.9,43.303537,5.4621115,0,0,0
"Bakola",15:15:31.0,43.303537,5.4621113333333335,0,0,0
"Bakola",15:15:31.1,43.303536666666666,5.462111,0,0,0
"Bakola",15:15:31.2,43.3035365,5.462111,0,0,0
"Bakola",15:15:31.3,43.303537,5.4621113333333335,0.35277806,0,3.5277806
"Bakola",15:15:31.4,43.30353733333333,5.462112,0.65833386,0,3.0555580000000004
"Bakola",15:15:31.5,43.30353716666667,5.462112833333333,0.71111168,0,0.5277781999999998
"Bakola",15:15:31.6,43.303536666666666,5.4621138333333334,0.833334,0,1.2222232
"Bakola",15:15:31.7,43.303536,5.462115333333333,1.17500094,0,3.416669400000001
"Bakola",15:15:31.8,43.303535333333336,5.462117,1.4583345,0,2.8333356
"Bakola",15:15:31.9,43.30353483333334,5.462118666666667,1.51111232,0,0.5277781999999998
"Bakola",15:15:32.0,43.30353433333333,5.46212,1.24166766,0,2.6944466
"Bakola",15:15:32.1,43.30353383333333,5.462119833333334,0.60833382,0,0
"Bakola",15:15:32.2,43.30353283333333,5.462120666666667,1.00277858,0,3.9444475999999993
"Bakola",15:15:32.3,43.30353183333334,5.4621216666666665,1.30833438,0,3.0555580000000004
"Bakola",15:15:32.4,43.30353183333334,5.4621215,0.50277818,0,0
"Bakola",15:15:32.5,43.30353133333333,5.4621216666666665,0.53333376,0,0.30555580000000027
"Bakola",15:15:32.6,43.30353216666666,5.462121833333334,0,0,5.333337599999999
"Bakola",15:15:32.7,43.30353083333333,5.4621216666666665,0.7222228,0,0
"Bakola",15:15:32.8,43.30353,5.462121333333333,0.86388958,0,1.4166678
"Bakola",15:15:32.9,43.3035295,5.4621208333333335,0.73055614,0,1.3333344000000003
"Bakola",15:15:33.0,43.30352983333333,5.46212,0.57500046,0,1.5555567999999997
"Bakola",15:15:33.1,43.30352933333333,5.462119166666667,0.76111172,0,1.8611126
"Bakola",15:15:33.2,43.303528666666665,5.462118166666667,0.88333404,0,1.2222232
"Bakola",15:15:33.3,43.3035285,5.462117833333333,0.5000004,0,3.8333364000000003
"Bakola",15:15:33.4,43.30352883333333,5.462117166666667,0.43888924,0,0.6111116
"Bakola",15:15:33.5,43.30352883333333,5.4621165,0.45000036,0,0.11111119999999974
"Bakola",15:15:33.6,43.30352933333333,5.462115833333334,0.60000048,0,1.5000011999999996
"Bakola",15:15:33.7,43.30353,5.462115333333333,0.78611174,0,1.8611126
"Bakola",15:15:33.8,43.303530333333335,5.462114666666667,0.65000052,0,1.3611121999999998
"Bakola",15:15:33.9,43.303531166666666,5.4621145,0.83055622,0,1.8055569999999999
"Bakola",15:15:34.0,43.3035315,5.462113666666666,0.81111176,0,0.19444459999999997
"Bakola",15:15:34.1,43.303531666666665,5.462113,0.64722274,0,1.6388901999999994
"Bakola",15:15:34.2,43.30353216666666,5.462113,0.49444484,0,1.5277790000000002
"Bakola",15:15:34.3,43.30353233333333,5.462112833333333,0.42222256,0,0.7222227999999997
"Bakola",15:15:34.4,43.30353266666667,5.462112666666667,0.51111152,0,0.8888896000000002
"Bakola",15:15:34.5,43.303533333333334,5.4621125,0.61666716,0,1.0555563999999995
"Bakola",15:15:34.6,43.30353366666667,5.462112833333333,0.52222264,0,0.9444452000000003
"Bakola",15:15:34.7,43.30353416666667,5.462112833333333,0.60000048,0,0.7777783999999999
"Bakola",15:15:34.8,43.303534666666664,5.462112666666667,0.71666724,0,1.166667600000001
"Bakola",15:15:34.9,43.30353483333334,5.462112333333333,0.35000028,0,3.6666696
"Bakola",15:15:35.0,43.303535,5.462112,0.50833374,0,1.5833345999999997
"Bakola",15:15:35.1,43.303535333333336,5.462111166666666,0.72500058,0,2.1666684000000003
"Bakola",15:15:35.2,43.30353566666666,5.4621105,0.74722282,0,0.2222223999999995
"Bakola",15:15:35.3,43.3035365,5.4621095,1.0555564,0,3.0833358
"Bakola",15:15:35.4,43.30353716666667,5.4621086666666665,1.0833342,0,0.27777799999999964
"Bakola",15:15:35.5,43.303538,5.462108166666667,0.9027785,0,1.8055569999999987
"Bakola",15:15:35.6,43.303538,5.462108166666667,0,0,0
"Bakola",15:15:35.7,43.30353816666666,5.4621078333333335,0.32500026,0,3.2500025999999997
"Bakola",15:15:35.8,43.303538333333336,5.462107666666666,0,0,3.2500025999999997
"Bakola",15:15:35.9,43.303538,5.462107333333333,0.42500034,0,4.2500034
"Bakola",15:15:36.0,43.30353783333334,5.462106833333333,0.35000028,0,0.7500005999999998
"Bakola",15:15:36.1,43.30353766666667,5.462106833333333,0,0,3.5000028
"Bakola",15:15:36.2,43.30353733333333,5.462106333333334,0.53888932,0,5.3888932
"Bakola",15:15:36.3,43.303537,5.462106,0.43333368,0,1.0555564
"Bakola",15:15:36.4,43.303536666666666,5.462106,0.33611138,0,0.9722229999999998
"Bakola",15:15:36.5,43.303536666666666,5.462106166666667,0,0,3.3611138
"Bakola",15:15:36.6,43.303536666666666,5.462106666666667,0.33611138,0,3.3611138
"Bakola",15:15:36.7,43.30353683333333,5.462107,0.41388922,0,0.7777783999999999
"Bakola",15:15:36.8,43.303537,5.462107666666666,0.57500046,0,1.6111124000000003
"Bakola",15:15:36.9,43.30353716666667,5.462108166666667,0.50833374,0,0.6666672000000007
"Bakola",15:15:37.0,43.3035375,5.4621086666666665,0.55277822,0,0.4444448000000001
"Bakola",15:15:37.1,43.30353783333334,5.462109,0.45555592,0,0.9722229999999998
"Bakola",15:15:37.2,43.30353766666667,5.462109166666667,0,0,4.555559199999999
"Bakola",15:15:37.3,43.3035375,5.462109,0,0,0
"Bakola",15:15:37.4,43.30353716666667,5.4621085,0.34166694,0,3.4166693999999995
"Bakola",15:15:37.5,43.303537,5.462108333333334,0,0,3.4166693999999995
"Bakola",15:15:37.6,43.30353683333333,5.462108166666667,0,0,0
"Bakola",15:15:37.7,43.30353683333333,5.462108166666667,0,0,0
"Bakola",15:15:37.8,43.303536666666666,5.462108166666667,0,0,0
"Bakola",15:15:37.9,43.30353683333333,5.462108,0,0,0
"Bakola",15:15:38.0,43.303537,5.462108,0,0,0
"Bakola",15:15:38.1,43.3035375,5.462108166666667,0.65000052,0,0
"Bakola",15:15:38.2,43.303538,5.4621085,0.60000048,0,0.5000004000000002
"Bakola",15:15:38.3,43.30353816666666,5.4621086666666665,0.38611142,0,2.1388905999999994
"Bakola",15:15:38.4,43.30353816666666,5.462108833333334,0.30000024,0,0.8611118000000001
"Bakola",15:15:38.5,43.303538,5.4621086666666665,0,0,3.0000023999999996
"Bakola",15:15:38.6,43.303538,5.462108166666667,0.41944478,0,4.1944478
"Bakola",15:15:38.7,43.303538,5.462107166666668,0.62222272,0,2.0277793999999996
"Bakola",15:15:38.8,43.303538,5.462106333333334,0.73888948,0,1.1666675999999998
"Bakola",15:15:38.9,43.30353816666666,5.462105666666667,0.61666716,0,1.2222232
"Bakola",15:15:39.0,43.30353816666666,5.4621051666666665,0.46944482,0,1.4722234
"Bakola",15:15:39.1,43.303538333333336,5.462104666666668,0.37777808,0,0.9166673999999997
"Bakola",15:15:39.2,43.303538333333336,5.4621045,0,0,3.7777808
"Bakola",15:15:39.3,43.30353816666666,5.4621043333333335,0,0,0
"Bakola",15:15:39.4,43.30353783333334,5.462104166666667,0.33888916,0,3.3888916
"Bakola",15:15:39.5,43.3035375,5.462104,0.38055586,0,0.416667
"Bakola",15:15:39.6,43.30353716666667,5.462103666666667,0.4722226,0,0.9166673999999997
"Bakola",15:15:39.7,43.303537,5.462103333333334,0.40833366,0,0.6388894
"Bakola",15:15:39.8,43.30353733333333,5.462103333333334,0,0,4.0833366
"Bakola",15:15:39.9,43.3035375,5.462103,0.32222248,0,3.2222248
"Bakola",15:15:40.0,43.3035375,5.4621025,0.416667,0,0.9444452000000003
"Bakola",15:15:40.1,43.30353816666666,5.462101166666667,0.94722298,0,5.3055598
"Bakola",15:15:40.2,43.303538333333336,5.462100666666667,0.59444492,0,3.5277806
"Bakola",15:15:40.3,43.303538833333334,5.4621,0.60833382,0,0.13888899999999982
"Bakola",15:15:40.4,43.30353866666666,5.4620995,0.4861115,0,1.2222232000000004
"Bakola",15:15:40.5,43.30353866666666,5.462099166666667,0,0,4.861115
"Bakola",15:15:40.6,43.3035395,5.4620995,0.61388938,0,0
"Bakola",15:15:40.7,43.30354,5.462099666666666,0.59166714,0,0.2222224000000006
"Bakola",15:15:40.8,43.303541,5.4621005,1.0277786,0,4.3611146
"Bakola",15:15:40.9,43.3035415,5.462101,0.79444508,0,2.3333351999999996
"Bakola",15:15:41.0,43.303541833333334,5.462101,0.4722226,0,3.2222248000000002
"Bakola",15:15:41.1,43.30354233333333,5.462101333333333,0.53055598,0,0.5833338000000005
"Bakola",15:15:41.2,43.30354233333333,5.462101666666667,0.35277806,0,1.7777792000000003
"Bakola",15:15:41.3,43.30354233333333,5.462102166666667,0.3333336,0,0.19444459999999997
"Bakola",15:15:41.4,43.303542166666666,5.4621025,0.3194447,0,0.13888899999999982
"Bakola",15:15:41.5,43.303541833333334,5.4621026666666666,0.46388926,0,1.4444455999999999
"Bakola",15:15:41.6,43.3035415,5.462103166666667,0.54722266,0,0.8333339999999995
"Bakola",15:15:41.7,43.30354116666667,5.462103833333334,0.57222268,0,0.2500002000000001
"Bakola",15:15:41.8,43.30354116666667,5.462104666666668,0.70000056,0,1.2777788
"Bakola",15:15:41.9,43.30354116666667,5.462105666666667,0.75833394,0,0.5833337999999999
"Bakola",15:15:42.0,43.30354116666667,5.462106833333333,0.94166742,0,1.8333348000000005
"Bakola",15:15:42.1,43.303541333333335,5.462108166666667,1.06666752,0,1.2500009999999995
"Bakola",15:15:42.2,43.30354116666667,5.4621095,1.0694453,0,0.02777779999999952
"Bakola",15:15:42.3,43.30354116666667,5.4621105,0.9861119,0,0.8333339999999989
"Bakola",15:15:42.4,43.303541,5.462111666666667,0.96111188,0,0.2500002000000001
"Bakola",15:15:42.5,43.30354083333333,5.462113,1.13055646,0,1.6944457999999996
"Bakola",15:15:42.6,43.303540166666664,5.462114333333334,1.1944454,0,0.6388894
"Bakola",15:15:42.7,43.303539666666666,5.4621155,1.21666764,0,0.2222224000000006
"Bakola",15:15:42.8,43.30353916666667,5.462116666666667,1.06111196,0,1.5555567999999997
"Bakola",15:15:42.9,43.303539,5.4621175,0.86944514,0,1.9166682000000013
"Bakola",15:15:43.0,43.30353866666666,5.462118666666667,1.00555636,0,1.3611121999999998
"Bakola",15:15:43.1,43.303538333333336,5.462120166666667,1.18333428,0,1.7777792000000003
"Bakola",15:15:43.2,43.30353816666666,5.4621215,1.17500094,0,0.08333339999999856
"Bakola",15:15:43.3,43.303538,5.462123,1.21666764,0,0.41666699999999945
"Bakola",15:15:43.4,43.30353766666667,5.462124333333334,1.18888984,0,0.27777799999999964
"Bakola",15:15:43.5,43.3035375,5.462125333333334,1.00277858,0,1.8611126000000011
"Bakola",15:15:43.6,43.303537,5.4621265,1.10000088,0,0.972223000000001
"Bakola",15:15:43.7,43.3035365,5.462127833333334,1.21944542,0,1.1944453999999993
"Bakola",15:15:43.8,43.30353566666666,5.4621286666666675,1.12222312,0,0.972223000000001
"Bakola",15:15:43.9,43.303535,5.462129666666667,1.10277866,0,0.19444459999999886
"Bakola",15:15:44.0,43.303534666666664,5.4621305,0.89444516,0,2.0833350000000004
"Bakola",15:15:44.1,43.3035345,5.4621315,0.89166738,0,0.02777779999999952
"Bakola",15:15:44.2,43.303534,5.462133166666667,1.28055658,0,3.8888920000000002
"Bakola",15:15:44.3,43.3035335,5.4621345,1.30000104,0,0.19444459999999886
"Bakola",15:15:44.4,43.30353316666667,5.4621365,1.4861123,0,1.8611126000000011
"Bakola",15:15:44.5,43.30353266666667,5.4621385,1.76666808,0,2.8055578000000003
"Bakola",15:15:44.6,43.303532,5.4621398333333335,1.33611218,0,4.305559000000001
"Bakola",15:15:44.7,43.303531166666666,5.4621406666666665,1.22500098,0,1.1111120000000008
"Bakola",15:15:44.8,43.30353016666667,5.462142,1.49166786,0,2.6666688000000005
"Bakola",15:15:44.9,43.303529,5.462144,1.93333488,0,4.416670200000001
"Bakola",15:15:45.0,43.303528,5.4621445,1.39722334,0,5.3611154
"Bakola",15:15:45.1,43.30352633333333,5.4621425,2.00555716,0,0
"Bakola",15:15:45.2,43.30352516666667,5.4621406666666665,1.93611266,0,0.6944449999999991
"Bakola",15:15:45.3,43.30352416666666,5.462139666666666,1.47500118,0,4.6111148
"Bakola",15:15:45.4,43.30352216666667,5.462138166666667,2.23055734,0,0
"Bakola",15:15:45.5,43.303520166666665,5.462137,2.36944634,0,1.3888900000000026
"Bakola",15:15:45.6,43.30351816666666,5.4621335,3.21389146,0,0
"Bakola",15:15:45.7,43.303516,5.4621295,3.86666976,0,0
"Bakola",15:15:45.8,43.303513333333335,5.462126333333334,3.82222528,0,0.4444448000000012
"Bakola",15:15:45.9,43.30351066666667,5.462123833333333,3.5277806,0,2.9444468000000024
"Bakola",15:15:46.0,43.30350733333333,5.462121166666667,3.93889204,0,4.1111144
"Bakola",15:15:46.1,43.30350516666667,5.462118666666667,3.50833614,0,4.305558999999999
"Bakola",15:15:46.2,43.303503666666664,5.462116833333334,2.68611326,0,0
"Bakola",15:15:46.3,43.303502,5.462115833333334,2.22777956,0,4.583336999999998
"Bakola",15:15:46.4,43.30350033333333,5.462115,2.06389054,0,1.6388902000000005
"Bakola",15:15:46.5,43.30349866666666,5.462114666666667,1.91944598,0,1.4444455999999994
"Bakola",15:15:46.6,43.3034975,5.4621138333333334,1.63055686,0,2.888891200000001
"Bakola",15:15:46.7,43.30349683333333,5.462113,1.35833442,0,2.7222243999999995
"Bakola",15:15:46.8,43.303496,5.462112,1.24444544,80,1.1388898000000003
"Bakola",15:15:46.9,43.303496,5.462112333333333,0.53055598,80,0
"Bakola",15:15:47.0,43.30349566666666,5.4621125,0.44166702,80,0.8888896000000002
"Bakola",15:15:47.1,43.30349566666666,5.462112333333333,0,80,4.4166701999999995
"Bakola",15:15:47.2,43.30349633333333,5.462113,0.58888936,80,5.8888936
"Bakola",15:15:47.3,43.303497166666666,5.462114,1.08055642,80,4.916670599999999
"Bakola",15:15:47.4,43.303497666666665,5.462115,1.04444528,80,0.3611114000000004
"Bakola",15:15:47.5,43.303497,5.462114166666667,0.45277814,80,5.916671399999999
"Bakola",15:15:47.6,43.3034965,5.462113166666667,0.75277838,80,3.0000023999999996
"Bakola",15:15:47.7,43.303495833333336,5.462112333333333,0.95555632,80,2.0277794000000005
"Bakola",15:15:47.8,43.303495,5.4621113333333335,1.0555564,80,1.0000007999999994
"Bakola",15:15:47.9,43.30349533333334,5.4621086666666665,1.82222368,80,0
"Bakola",15:15:48.0,43.303495,5.462107,1.56666792,80,2.5555576
"Bakola",15:15:48.1,43.30349316666667,5.462106833333333,1.29444548,80,2.7222243999999995
"Bakola",15:15:48.2,43.3034915,5.462106,1.63611242,80,3.4166693999999986
"Bakola",15:15:48.3,43.30349016666667,5.462105333333334,1.49444564,80,1.4166678
"Bakola",15:15:48.4,43.30348983333333,5.462105666666667,0.9305563,80,5.638893399999999
"Bakola",15:15:48.5,43.30349033333333,5.462104666666668,0.70000056,80,2.3055574
"Bakola",15:15:48.6,43.3034905,5.4621035,0.95555632,80,2.5555576
"Bakola",15:15:48.7,43.303490833333335,5.462102833333334,0.69166722,80,2.6388909999999997
"Bakola",15:15:48.8,43.303491,5.462102166666667,0.66111164,80,0.30555580000000027
"Bakola",15:15:48.9,43.303491,5.4621018333333335,0.34166694,80,3.1944470000000003
"Bakola",15:15:49.0,43.303490833333335,5.462100666666667,0.77500062,80,4.3333368000000005
"Bakola",15:15:49.1,43.30349116666667,5.4620995,0.89444516,80,1.1944453999999993
"Bakola",15:15:49.2,43.30349183333333,5.462098833333333,0.81111176,80,0.833334
"Bakola",15:15:49.3,43.3034925,5.462098833333333,0.73888948,80,0.7222227999999997
"Bakola",15:15:49.4,43.30349266666666,5.4620985,0.4444448,80,2.9444468
"Bakola",15:15:49.5,43.30349333333333,5.462098166666667,0.69166722,80,2.4722242000000003
"Bakola",15:15:49.6,43.3034945,5.4620985,1.0833342,80,3.916669799999999
"Bakola",15:15:49.7,43.303495833333336,5.462099333333334,1.55277902,80,4.694448200000001
"Bakola",15:15:49.8,43.30349683333333,5.4621,1.36388998,80,1.8888904000000006
"Bakola",15:15:49.9,43.3034975,5.462101333333333,1.22777876,80,1.3611121999999987
"Bakola",15:15:50.0,43.303498,5.4621025,1.15555648,80,0.7222228000000008
"Bakola",15:15:50.1,43.3034985,5.462103666666667,1.08611198,80,0.6944449999999991
"Bakola",15:15:50.2,43.30349916666666,5.462104166666667,1.02500082,80,0.6111116000000005
"Bakola",15:15:50.3,43.303499833333326,5.4621045,0.89444516,80,1.3055566000000007
"Bakola",15:15:50.4,43.3035005,5.462105,0.90000072,80,0.05555560000000015
"Bakola",15:15:50.5,43.30350116666667,5.4621055,0.8472229,80,0.5277781999999998
"Bakola",15:15:50.6,43.3035015,5.462106166666667,0.74444504,80,1.0277786
"Bakola",15:15:50.7,43.30350166666667,5.462106833333333,0.66944498,80,0.7500006000000004
"Bakola",15:15:50.8,43.303501833333335,5.462107,0.3194447,80,3.5000027999999994
"Bakola",15:15:50.9,43.303501833333335,5.462107166666668,0,80,3.1944470000000003
"Bakola",15:15:51.0,43.303501833333335,5.462107333333333,0,80,0
"Bakola",15:15:51.1,43.303501833333335,5.462107333333333,0,80,0
"Bakola",15:15:51.2,43.303502,5.4621075,0,80,0
"Bakola",15:15:51.3,43.30350266666667,5.4621075,0.55277822,80,5.5277822
"Bakola",15:15:51.4,43.303503166666665,5.4621078333333335,0.64166718,80,0.8888896000000002
"Bakola",15:15:51.5,43.30350383333333,5.462108,0.85555624,80,2.1388905999999994
"Bakola",15:15:51.6,43.30350433333333,5.462108333333334,0.73888948,80,1.1666675999999998
"Bakola",15:15:51.7,43.303505,5.4621085,0.81666732,80,0.7777783999999999
"Bakola",15:15:51.8,43.30350566666666,5.462109166666667,0.97500078,80,1.5833346000000004
"Bakola",15:15:51.9,43.303506166666665,5.4621096666666675,0.8472229,80,1.2777788
"Bakola",15:15:52.0,43.303506666666664,5.462110833333334,1.04444528,80,1.9722237999999992
"Bakola",15:15:52.1,43.30350716666666,5.462111166666666,0.80277842,80,2.416668599999999
"Bakola",15:15:52.2,43.30350766666667,5.462111666666667,0.83611178,80,0.3333335999999998
"Bakola",15:15:52.3,43.30350833333333,5.462112333333333,0.972223,80,1.3611121999999998
"Bakola",15:15:52.4,43.30350916666667,5.4621125,1.03333416,80,0.6111115999999994
"Bakola",15:15:52.5,43.30351016666666,5.462112666666667,1.04444528,80,0.1111112000000003
"Bakola",15:15:52.6,43.303511,5.462113166666667,1.08055642,80,0.3611114000000004
"Bakola",15:15:52.7,43.30351133333333,5.4621135,0.78055618,80,3.000002399999999
"Bakola",15:15:52.8,43.303511666666665,5.4621138333333334,0.49444484,80,2.8611134000000003
"Bakola",15:15:52.9,43.30351183333333,5.462114333333334,0.55000044,80,0.5555560000000004
"Bakola",15:15:53.0,43.30351183333333,5.462115,0.55000044,80,0
"Bakola",15:15:53.1,43.303511666666665,5.462115833333334,0.63611162,80,0.8611117999999995
"Bakola",15:15:53.2,43.30351183333333,5.4621165,0.60277826,80,0.3333335999999998
"Bakola",15:15:53.3,43.30351216666667,5.4621175,0.74166726,80,1.3888900000000004
"Bakola",15:15:53.4,43.3035125,5.462118166666667,0.72500058,80,0.16666680000000045
"Bakola",15:15:53.5,43.30351316666666,5.462119,0.96666744,80,2.4166686000000004
"Bakola",15:15:53.6,43.30351366666666,5.462119833333334,0.98333412,80,0.16666679999999934
"Bakola",15:15:53.7,43.303514666666665,5.462121333333333,1.48055674,80,4.972226199999999
"Bakola",15:15:53.8,43.30351616666667,5.462122833333333,1.96389046,80,4.833337200000001
"Bakola",15:15:53.9,43.3035185,5.462124833333334,2.61389098,80,0
"Bakola",15:15:54.0,43.303520166666665,5.462127333333334,2.68333548,80,0.6944450000000035
"Bakola",15:15:54.1,43.30352116666666,5.462130833333333,3.05833578,80,3.7500029999999995
"Bakola",15:15:54.2,43.30352333333333,5.462133666666667,3.2638915,80,2.0555572
"Bakola",15:15:54.3,43.303525,5.462136666666667,3.194447,80,0.6944450000000035
"Bakola",15:15:54.4,43.3035275,5.462141166666667,4.2222256,80,0
"Bakola",15:15:54.5,43.3035295,5.462144666666667,3.74722522,80,4.7500038
"Bakola",15:15:54.6,43.3035315,5.462148,3.67500294,80,0.7222227999999964
"Bakola",15:15:54.7,43.30353366666667,5.462149833333333,3.03889132,80,0
"Bakola",15:15:54.8,43.30353433333333,5.4621525,2.47500198,80,5.638893399999998
"Bakola",15:15:54.9,43.30353483333334,5.462155,2.21389066,80,2.6111131999999992
"Bakola",15:15:55.0,43.30353516666666,5.462157666666667,2.23055734,80,0.16666679999999712
"Bakola",15:15:55.1,43.3035355,5.4621595,1.8888904,80,3.4166693999999986
"Bakola",15:15:55.2,43.30353583333333,5.462161333333333,1.75555696,80,1.3333343999999991
"Bakola",15:15:55.3,43.303536333333334,5.4621625,1.38333444,80,3.7222252
"Bakola",15:15:55.4,43.303536666666666,5.462163333333334,0.85555624,80,5.277782
"Bakola",15:15:55.5,43.30353683333333,5.462163333333334,0.32500026,80,5.305559799999999
"Bakola",15:15:55.6,43.30353583333333,5.462162833333334,0.42222256,80,0.9722230000000004
"Bakola",15:15:55.7,43.30353516666666,5.462162,0.75555616,80,3.333336
"Bakola",15:15:55.8,43.30353433333333,5.462161166666666,1.1527787,80,3.9722254
"Bakola",15:15:55.9,43.30353366666667,5.462160333333333,1.0972231,80,0.5555560000000015
"Bakola",15:15:56.0,43.30353266666667,5.462158,1.91111264,80,0
"Bakola",15:15:56.1,43.303531666666665,5.462155833333333,1.96944602,80,0.5833337999999988
"Bakola",15:15:56.2,43.30353066666667,5.462154833333333,1.41111224,80,5.583337799999999
"Bakola",15:15:56.3,43.30352966666667,5.462153333333333,1.55000124,80,1.3888900000000004
"Bakola",15:15:56.4,43.303528666666665,5.462152333333333,1.4583345,80,0.9166673999999997
"Bakola",15:15:56.5,43.303527833333334,5.462151833333334,1.13611202,80,3.222224800000002
"Bakola",15:15:56.6,43.303527,5.462150333333334,1.47500118,80,3.3888916000000013
"Bakola",15:15:56.7,43.30352583333333,5.462148833333334,1.61944574,80,1.4444455999999994
"Bakola",15:15:56.8,43.30352466666666,5.4621476666666675,1.64722354,80,0.27777799999999964
"Bakola",15:15:56.9,43.30352383333334,5.462147166666667,1.18888984,80,4.583336999999998
"Bakola",15:15:57.0,43.30352216666667,5.462147833333334,1.46111228,80,2.7222243999999995
"Bakola",15:15:57.1,43.303521,5.462148,1.32777884,80,1.3333344000000014
"Bakola",15:15:57.2,43.3035195,5.462147333333333,1.65555688,80,3.277780400000001
"Bakola",15:15:57.3,43.303518,5.462146833333333,1.71666804,80,0.6111116000000005
"Bakola",15:15:57.4,43.303516333333334,5.462146,1.87222372,80,1.5555567999999997
"Bakola",15:15:57.5,43.30351483333333,5.462145,1.88611262,80,0.13888899999999982
"Bakola",15:15:57.6,43.30351433333333,5.462144,1.22777876,80,0
"Bakola",15:15:57.7,43.30351483333333,5.462143333333334,0.51944486,80,0
"Bakola",15:15:57.8,43.30351516666667,5.462142666666667,0.67500054,80,1.5555567999999997
"Bakola",15:15:57.9,43.30351566666667,5.462141666666668,0.85277846,80,1.7777792000000003
"Bakola",15:15:58.0,43.30351616666667,5.462141333333334,0.6388894,80,2.1388905999999994
"Bakola",15:15:58.1,43.30351616666667,5.4621415,0.3055558,80,3.3333360000000005
"Bakola",15:15:58.2,43.303517,5.462141166666667,0.74722282,80,4.4166701999999995
"Bakola",15:15:58.3,43.30351783333333,5.462140166666667,1.00833414,80,2.6111132000000015
"Bakola",15:15:58.4,43.30351783333333,5.4621398333333335,0.50555596,80,5.0277818000000005
"Bakola",15:15:58.5,43.303517,5.462139333333333,0.65833386,80,1.5277790000000002
"Bakola",15:15:58.6,43.303516,5.462139166666667,0.95000076,80,2.9166689999999993
"Bakola",15:15:58.7,43.303514166666666,5.462139333333333,1.78611254,80,0
"Bakola",15:15:58.8,43.303512,5.462138833333333,2.2361129,80,4.500003600000002
"Bakola",15:15:58.9,43.30350933333334,5.4621385,2.77500222,80,5.3888932
"Bakola",15:15:59.0,43.30350633333334,5.462139666666666,3.14444696,80,3.694447399999996
"Bakola",15:15:59.1,43.30350433333333,5.462139666666666,2.500002,80,0
"Bakola",15:15:59.2,43.30350416666667,5.462138333333334,1.12777868,80,0
"Bakola",15:15:59.3,43.3035045,5.462136,1.39166778,80,2.6388909999999988
"Bakola",15:15:59.4,43.30350416666667,5.462134333333333,1.33611218,80,0.5555559999999993
"Bakola",15:15:59.5,43.30350416666667,5.462133833333334,0.68333388,80,0
"Bakola",15:15:59.6,43.303504,5.462132833333333,0.89166738,80,2.0833350000000004
"Bakola",15:15:59.7,43.3035045,5.462132333333334,0.66111164,80,2.3055574
"Bakola",15:15:59.8,43.30350566666666,5.462132,1.07500086,80,4.1388922
"Bakola",15:15:59.9,43.30350633333334,5.462132333333334,0.8055562,80,2.694446600000001
"Bakola",15:16:00.0,43.30350716666666,5.462131833333333,1.03333416,80,2.2777795999999992
"Bakola",15:16:00.1,43.30350766666667,5.462132,0.65555608,80,3.777780799999999
"Bakola",15:16:00.2,43.3035085,5.462132666666667,0.9444452,80,2.8888911999999998
"Bakola",15:16:00.3,43.30350916666667,5.462133333333334,0.92222296,80,0.2222223999999995
"Bakola",15:16:00.4,43.3035095,5.4621345,1.01666748,80,0.9444451999999992
"Bakola",15:16:00.5,43.30351,5.462135166666667,0.91944518,80,0.9722229999999998
"Bakola",15:16:00.6,43.30351066666667,5.4621355,0.86666736,80,0.5277781999999998
"Bakola",15:16:00.7,43.30351116666667,5.462136166666667,0.65555608,80,2.1111128
"Bakola",15:16:00.8,43.303511666666665,5.4621363333333335,0.74166726,80,0.8611118000000006
"Bakola",15:16:00.9,43.30351233333333,5.4621365,0.78333396,80,0.41666699999999945
"Bakola",15:16:01.0,43.303513,5.4621363333333335,0.75833394,80,0.2500002000000001
"Bakola",15:16:01.1,43.30351366666666,5.462136166666667,0.8750007,80,1.1666675999999998
"Bakola",15:16:01.2,43.303514,5.4621365,0.7500006,80,1.2500009999999995
"Bakola",15:16:01.3,43.30351433333333,5.462136666666667,0.60000048,80,1.5000012000000007
"Bakola",15:16:01.4,43.303515,5.462136833333333,0.7222228,80,1.222223200000001
"Bakola",15:16:01.5,43.30351566666667,5.4621371666666665,0.88333404,80,1.6111124
"Bakola",15:16:01.6,43.30351616666667,5.4621371666666665,0.67500054,80,2.0833350000000004
"Bakola",15:16:01.7,43.3035165,5.462137333333334,0.5972227,80,0.7777783999999999
"Bakola",15:16:01.8,43.303517166666666,5.4621375,0.88611182,80,2.8888911999999998
"Bakola",15:16:01.9,43.3035175,5.462137333333334,0.60555604,80,2.8055578000000003
"Bakola",15:16:02.0,43.303517666666664,5.4621371666666665,0.43333368,80,1.7222235999999995
"Bakola",15:16:02.1,43.303518,5.4621365,0.58611158,80,1.5277789999999996
"Bakola",15:16:02.2,43.30351783333333,5.462135833333334,0.58611158,80,0
"Bakola",15:16:02.3,43.303518,5.462135,0.74444504,80,1.5833346000000004
"Bakola",15:16:02.4,43.303518,5.4621345,0.52222264,80,2.222224
"Bakola",15:16:02.5,43.30351816666666,5.462134166666667,0.49722262,80,0.25000019999999956
"Bakola",15:16:02.6,43.30351833333333,5.4621335,0.59444492,80,0.9722230000000004
"Bakola",15:16:02.7,43.30351816666666,5.462132833333333,0.64166718,80,0.4722225999999996
"Bakola",15:16:02.8,43.30351816666666,5.462132166666667,0.7222228,80,0.8055562000000005
"Bakola",15:16:02.9,43.30351783333333,5.4621315,0.67500054,80,0.4722226000000007
"Bakola",15:16:03.0,43.3035175,5.4621305,0.90000072,80,2.2500017999999997
"Bakola",15:16:03.1,43.303517,5.462129833333334,0.8472229,80,0.5277781999999998
"Bakola",15:16:03.2,43.30351683333333,5.462129333333333,0.55000044,80,2.9722245999999997
"Bakola",15:16:03.3,43.303516333333334,5.462129166666666,0.56111156,80,0.11111119999999919
"Bakola",15:16:03.4,43.3035155,5.462129,0.78888952,80,2.2777796000000006
"Bakola",15:16:03.5,43.3035145,5.462129166666666,0.9027785,80,1.1388898000000003
"Bakola",15:16:03.6,43.30351366666666,5.462129333333333,0.93333408,80,0.30555579999999916
"Bakola",15:16:03.7,43.303512833333336,5.4621295,0.98055634,80,0.4722226000000007
"Bakola",15:16:03.8,43.30351216666667,5.462129833333334,0.73888948,80,2.4166686000000004
"Bakola",15:16:03.9,43.3035115,5.462129333333333,0.9166674,80,1.7777792000000003
"Bakola",15:16:04.0,43.30351083333333,5.4621286666666675,0.93888964,80,0.2222223999999995
"Bakola",15:16:04.1,43.30351016666666,5.462128833333334,0.76944506,80,1.6944457999999996
"Bakola",15:16:04.2,43.3035095,5.462129333333333,0.83611178,80,0.6666671999999996
"Bakola",15:16:04.3,43.30350883333333,5.462130666666667,1.18611206,80,3.5000027999999994
"Bakola",15:16:04.4,43.30350833333333,5.462132833333333,1.65833466,80,4.722226
"Bakola",15:16:04.5,43.303508,5.462134666666667,1.62222352,80,0.3611114000000004
"Bakola",15:16:04.6,43.30350783333333,5.462135666666667,0.97777856,80,0
"Bakola",15:16:04.7,43.30350783333333,5.4621365,0.70000056,80,2.7777799999999995
"Bakola",15:16:04.8,43.30350783333333,5.4621375,0.79444508,80,0.9444452000000003
"Bakola",15:16:04.9,43.30350733333333,5.462138666666667,1.06111196,80,2.6666688000000005
"Bakola",15:16:05.0,43.303507,5.462139333333333,0.83888956,80,2.222224
"Bakola",15:16:05.1,43.303507,5.462139166666667,0,80,0
"Bakola",15:16:05.2,43.303506666666664,5.462139666666666,0.3888892,80,3.888892
"Bakola",15:16:05.3,43.30350683333334,5.4621395,0,80,3.888892
"Bakola",15:16:05.4,43.30350683333334,5.462139666666666,0,80,0
"Bakola",15:16:05.5,43.303506666666664,5.4621406666666665,0.6527783,80,0
"Bakola",15:16:05.6,43.303506,5.462143333333334,1.78333476,80,0
"Bakola",15:16:05.7,43.30350466666667,5.462146,2.18333508,80,4.000003199999999
"Bakola",15:16:05.8,43.30350416666667,5.4621475,1.54444568,80,0
"Bakola",15:16:05.9,43.3035035,5.462149166666667,1.46389006,80,0.8055561999999994
"Bakola",15:16:06.0,43.303503,5.4621515,1.99166826,80,5.277781999999999
"Bakola",15:16:06.1,43.3035025,5.462154166666667,2.22777956,80,2.3611130000000013
"Bakola",15:16:06.2,43.30350216666666,5.462155166666667,1.25833434,80,0
"Bakola",15:16:06.3,43.3035015,5.462154166666667,0.87222292,80,3.8611142
"Bakola",15:16:06.4,43.303500666666665,5.462151833333334,1.83055702,80,0
"Bakola",15:16:06.5,43.30349966666667,5.462150166666667,1.71944582,80,1.1111120000000008
"Bakola",15:16:06.6,43.3034985,5.462148666666667,1.71111248,80,0.08333340000000078
"Bakola",15:16:06.7,43.30349783333333,5.462149833333333,0.88333404,80,0
"Bakola",15:16:06.8,43.30349866666666,5.462151333333334,1.0555564,80,1.722223599999999
"Bakola",15:16:06.9,43.3034985,5.4621535,1.55277902,80,4.972226200000001
"Bakola",15:16:07.0,43.30349816666667,5.462155666666668,1.7500014,80,1.9722237999999992
"Bakola",15:16:07.1,43.303498,5.462158333333333,2.04444608,80,2.9444468000000024
"Bakola",15:16:07.2,43.303498833333336,5.4621606666666676,2.10833502,80,0.6388894
"Bakola",15:16:07.3,43.303497666666665,5.4621625,1.71666804,80,3.916669800000001
"Bakola",15:16:07.4,43.30349683333333,5.462164166666667,1.68889024,80,0.27777799999999964
"Bakola",15:16:07.5,43.30349533333334,5.462166166666667,2.00277938,80,3.138891400000001
"Bakola",15:16:07.6,43.3034935,5.462167333333333,2.0138905,80,0.11111119999999808
"Bakola",15:16:07.7,43.303493,5.462168833333333,1.48333452,80,5.305559799999999
"Bakola",15:16:07.8,43.303492166666665,5.462171333333333,1.99722382,80,5.1388929999999995
"Bakola",15:16:07.9,43.3034915,5.462173666666667,2.0138905,80,0.16666679999999934
"Bakola",15:16:08.0,43.303490833333335,5.462176166666667,2.00555716,80,0.08333340000000078
"Bakola",15:16:08.1,43.30349033333333,5.462178166666667,1.8750015,80,1.3055565999999996
"Bakola",15:16:08.2,43.303489166666665,5.462179833333334,1.73333472,80,1.4166678
"Bakola",15:16:08.3,43.303489,5.4621805,1.111112,80,0
"Bakola",15:16:08.4,43.303489166666665,5.462181166666667,0.75833394,80,3.527780600000001
"Bakola",15:16:08.5,43.30348933333333,5.462182666666666,1.06666752,80,3.0833358
"Bakola",15:16:08.6,43.30348883333334,5.462182666666666,0.49722262,80,5.694448999999999
"Bakola",15:16:08.7,43.303487833333335,5.462183166666667,0.88055626,80,3.8333363999999994
"Bakola",15:16:08.8,43.30348733333334,5.462183166666667,0.6388894,80,2.416668599999999
"Bakola",15:16:08.9,43.30348733333334,5.462183333333334,0,80,0
"Bakola",15:16:09.0,43.30348683333333,5.462184333333333,0.7361117,80,0
"Bakola",15:16:09.1,43.3034865,5.462184833333334,0.58611158,80,1.5000012000000007
"Bakola",15:16:09.2,43.30348566666667,5.462185833333334,0.92777852,80,3.416669400000001
"Bakola",15:16:09.3,43.303485,5.462186666666667,1.00555636,80,0.7777783999999988
"Bakola",15:16:09.4,43.30348433333334,5.462187,0.77222284,80,2.3333351999999996
"Bakola",15:16:09.5,43.30348366666667,5.4621873333333335,0.80277842,80,0.30555580000000027
"Bakola",15:16:09.6,43.303483,5.462187,0.7638895,80,0.38888919999999993
"Bakola",15:16:09.7,43.3034825,5.462186666666667,0.67777832,80,0.8611117999999995
"Bakola",15:16:09.8,43.3034815,5.462185666666667,1.03888972,80,3.6111139999999997
"Bakola",15:16:09.9,43.303481166666664,5.462185333333333,0.74444504,80,2.9444468
"Bakola",15:16:10.0,43.303480666666665,5.462185166666667,0.62222272,80,1.2222232
"Bakola",15:16:10.1,43.303479833333334,5.462184833333334,0.81666732,80,1.9444459999999997
"Bakola",15:16:10.2,43.303479,5.462184166666667,0.90555628,80,0.8888896000000002
"Bakola",15:16:10.3,43.30347833333333,5.4621838333333335,0.90833406,80,0.02777780000000063
"Bakola",15:16:10.4,43.303477666666666,5.462183166666667,0.82777844,80,0.8055562000000005
"Bakola",15:16:10.5,43.30347733333333,5.462182833333333,0.7361117,80,0.9166673999999997
"Bakola",15:16:10.6,43.30347716666666,5.462182333333334,0.57777824,80,1.5833346000000004
"Bakola",15:16:10.7,43.303476833333335,5.462181666666667,0.65833386,80,0.8055562000000005
"Bakola",15:16:10.8,43.303477,5.462180833333334,0.63333384,80,0.2500002000000001
"Bakola",15:16:10.9,43.3034775,5.462179333333333,1.17500094,80,5.416671
"Bakola",15:16:11.0,43.303478,5.462177333333334,1.52222344,80,3.472225
"Bakola",15:16:11.1,43.3034785,5.462175,1.93611266,80,4.138892199999999
"Bakola",15:16:11.2,43.30347916666667,5.462172333333333,2.10277946,80,1.6666679999999978
"Bakola",15:16:11.3,43.3034795,5.462170666666667,1.46389006,80,0
"Bakola",15:16:11.4,43.30347966666667,5.462170166666667,0.74722282,80,0
"Bakola",15:16:11.5,43.303479833333334,5.46217,0.4722226,80,2.7500021999999995
"Bakola",15:16:11.6,43.30348,5.462170333333334,0.34444472,80,1.2777788
"Bakola",15:16:11.7,43.30348016666667,5.462170666666667,0,80,3.4444471999999995
"Bakola",15:16:11.8,43.30348016666667,5.462171833333334,0.76666728,80,0
"Bakola",15:16:11.9,43.30348,5.462173166666667,0.8611118,80,0.9444452000000003
"Bakola",15:16:12.0,43.30348,5.462174666666667,1.1388898,80,2.777780000000001
"Bakola",15:16:12.1,43.30348,5.462176166666667,1.10555644,80,0.3333336000000009
"Bakola",15:16:12.2,43.303479833333334,5.462177,0.81666732,80,2.8888911999999998
"Bakola",15:16:12.3,43.30348033333333,5.462178,0.82222288,80,0.05555560000000015
"Bakola",15:16:12.4,43.30348033333333,5.462178833333334,0.7222228,80,1.0000007999999994
"Bakola",15:16:12.5,43.303480666666665,5.462179833333334,0.79444508,80,0.7222227999999997
"Bakola",15:16:12.6,43.30348133333334,5.462180666666667,0.8750007,80,0.8055561999999994
"Bakola",15:16:12.7,43.303482,5.462182,1.14166758,80,2.6666688000000005
"Bakola",15:16:12.8,43.30348266666667,5.462182833333333,0.99444524,80,1.4722234
"Bakola",15:16:12.9,43.303483166666666,5.462183666666667,0.87777848,80,1.1666675999999998
"Bakola",15:16:13.0,43.30348383333333,5.462184333333333,0.72500058,80,1.5277790000000002
"Bakola",15:16:13.1,43.3034845,5.462184333333333,0.8055562,80,0.8055561999999994
"Bakola",15:16:13.2,43.30348533333333,5.4621838333333335,0.77222284,80,0.3333335999999998
"Bakola",15:16:13.3,43.303486,5.462183,1.01944526,80,2.4722241999999994
"Bakola",15:16:13.4,43.3034865,5.4621821666666674,0.9444452,80,0.7500005999999992
"Bakola",15:16:13.5,43.303487,5.462181666666667,0.82777844,80,1.1666675999999998
"Bakola",15:16:13.6,43.30348733333334,5.4621815,0.53888932,80,2.8888911999999998
"Bakola",15:16:13.7,43.30348816666666,5.462181,0.7777784,80,2.3888907999999995
"Bakola",15:16:13.8,43.30348866666667,5.462180833333334,0.68888944,80,0.8888896000000002
"Bakola",15:16:13.9,43.30348933333333,5.462180666666667,0.72500058,80,0.3611114000000004
"Bakola",15:16:14.0,43.30349,5.462180666666667,0.694445,80,0.30555580000000027
"Bakola",15:16:14.1,43.30349033333333,5.462180166666666,0.51944486,80,1.7500013999999997
"Bakola",15:16:14.2,43.30349033333333,5.4621796666666675,0.49166706,80,0.2777780000000002
"Bakola",15:16:14.3,43.30349033333333,5.4621786666666665,0.74444504,80,2.5277798
"Bakola",15:16:14.4,43.30348983333333,5.462177666666666,0.9166674,80,1.7222236000000002
"Bakola",15:16:14.5,43.303489166666665,5.462176166666667,1.28055658,80,3.6388918
"Bakola",15:16:14.6,43.30348866666667,5.4621745,1.54444568,80,2.6388909999999988
"Bakola",15:16:14.7,43.303488,5.462173833333333,1.08055642,80,4.638892599999999
"Bakola",15:16:14.8,43.303487,5.462173166666667,1.111112,80,0.3055558000000014
"Bakola",15:16:14.9,43.303486166666666,5.462172333333333,1.0416675,80,0.6944450000000013
"Bakola",15:16:15.0,43.303485,5.462172333333333,1.1388898,80,0.972223000000001
"Bakola",15:16:15.1,43.303484166666664,5.462172166666667,0.94722298,80,1.9166682000000002
"Bakola",15:16:15.2,43.30348366666667,5.4621715,0.85555624,80,0.9166674000000008
"Bakola",15:16:15.3,43.303483,5.462171,0.7638895,80,0.9166673999999997
"Bakola",15:16:15.4,43.30348216666667,5.462170166666667,1.03055638,80,2.666668799999999
"Bakola",15:16:15.5,43.3034815,5.462169,1.10833422,80,0.7777783999999999
"Bakola",15:16:15.6,43.303481,5.462167833333334,1.0833342,80,0.2500002000000001
"Bakola",15:16:15.7,43.3034805,5.4621675,0.64166718,80,4.416670199999999
"Bakola",15:16:15.8,43.30348,5.462167833333334,0,80,0
"Bakola",15:16:15.9,43.30348016666667,5.462168166666667,0,80,0
"Bakola",15:16:16.0,43.30348,5.462168833333333,0.45277814,80,4.527781399999999
"Bakola",15:16:16.1,43.303479833333334,5.46217,0.77222284,80,3.1944469999999994
"Bakola",15:16:16.2,43.303479833333334,5.462170833333334,0.60000048,80,1.7222236000000002
"Bakola",15:16:16.3,43.30347966666667,5.462171833333334,0.7777784,80,1.7777792000000003
"Bakola",15:16:16.4,43.30347966666667,5.462172333333333,0.46944482,80,3.0833358
"Bakola",15:16:16.5,43.3034795,5.4621725,0,80,4.694448199999999
"Bakola",15:16:16.6,43.30347916666667,5.462172666666667,0,80,0
"Bakola",15:16:16.7,43.30347883333333,5.462172333333333,0,80,0
"Bakola",15:16:16.8,43.30347866666666,5.462171833333334,0.40555588,80,4.055558799999999
"Bakola",15:16:16.9,43.30347833333333,5.462171333333333,0.54444488,80,1.3888900000000004
"Bakola",15:16:17.0,43.303478166666665,5.462170666666667,0.53611154,80,0.08333339999999967
"Bakola",15:16:17.1,43.303478,5.462170833333334,0,80,5.3611154
"Bakola",15:16:17.2,43.3034775,5.462171333333333,0.3472225,80,3.472225
"Bakola",15:16:17.3,43.30347716666666,5.462171666666667,0.35833362,80,0.1111112000000003
"Bakola",15:16:17.4,43.303476833333335,5.462172166666667,0.43888924,80,0.8055562
"Bakola",15:16:17.5,43.30347666666667,5.462172666666667,0.40000032,80,0.38888919999999993
"Bakola",15:16:17.6,43.3034765,5.462173333333334,0.40555588,80,0.055555599999999594
"Bakola",15:16:17.7,43.303476333333336,5.462173666666667,0.34444472,80,0.6111116
"Bakola",15:16:17.8,43.30347616666667,5.462174,0,80,3.4444471999999995
"Bakola",15:16:17.9,43.303476,5.462174166666667,0,80,0
"Bakola",15:16:18.0,43.30347583333333,5.462174,0,80,0
"Bakola",15:16:18.1,43.30347566666667,5.462173666666667,0.30833358,80,3.0833358
"Bakola",15:16:18.2,43.30347566666667,5.4621735,0,80,3.0833358
"Bakola",15:16:18.3,43.30347533333333,5.462173333333334,0,80,0
"Bakola",15:16:18.4,43.30347533333333,5.462173166666667,0,80,0
"Bakola",15:16:18.5,43.30347533333333,5.462173333333334,0,80,0
"Bakola",15:16:18.6,43.3034755,5.4621735,0,80,0
"Bakola",15:16:18.7,43.30347583333333,5.462174,0.3888892,80,3.888892
"Bakola",15:16:18.8,43.30347616666667,5.4621743333333335,0.4861115,80,0.9722229999999998
"Bakola",15:16:18.9,43.3034765,5.462174666666667,0.4583337,80,0.27777799999999964
"Bakola",15:16:19.0,43.303477,5.462175,0.60000048,80,1.4166677999999993
"Bakola",15:16:19.1,43.30347733333333,5.462175,0.41388922,80,1.8611125999999993
"Bakola",15:16:19.2,43.303477666666666,5.4621751666666665,0.36944474,80,0.4444448000000001
"Bakola",15:16:19.3,43.30347783333334,5.4621751666666665,0,80,3.6944473999999996
"Bakola",15:16:19.4,43.30347783333334,5.462175333333334,0,80,0
"Bakola",15:16:19.5,43.3034775,5.4621755,0,80,0
"Bakola",15:16:19.6,43.303477,5.462175666666667,0.48333372,80,4.8333372
"Bakola",15:16:19.7,43.303476333333336,5.462176166666667,0.7083339,80,2.2500017999999993
"Bakola",15:16:19.8,43.30347583333333,5.462176333333333,0.63611162,80,0.7222227999999997
"Bakola",15:16:19.9,43.30347533333333,5.4621765,0.62777828,80,0.08333339999999967
"Bakola",15:16:20.0,43.30347483333333,5.462176666666667,0.46111148,80,1.666668
"Bakola",15:16:20.1,43.303474666666666,5.462176666666667,0,80,4.6111148
"Bakola",15:16:20.2,43.303474666666666,5.462176666666667,0,80,0
"Bakola",15:16:20.3,43.3034745,5.462176666666667,0,80,0
"Bakola",15:16:20.4,43.3034745,5.462176833333333,0,80,0
"Bakola",15:16:20.5,43.303474666666666,5.462177,0,80,0
"Bakola",15:16:20.6,43.30347483333333,5.462177166666667,0.30000024,80,3.0000023999999996
"Bakola",15:16:20.7,43.303475,5.462177333333334,0,80,3.0000023999999996
"Bakola",15:16:20.8,43.30347533333333,5.4621775,0.3333336,80,3.333336
"Bakola",15:16:20.9,43.30347566666667,5.4621775,0.3194447,80,0.13888899999999982
"Bakola",15:16:21.0,43.30347583333333,5.462177666666666,0,80,3.1944470000000003
"Bakola",15:16:21.1,43.30347583333333,5.4621778333333335,0,80,0
"Bakola",15:16:21.2,43.303476,5.462178,0,80,0
"Bakola",15:16:21.3,43.303476,5.462178333333334,0,80,0
"Bakola",15:16:21.4,43.303476,5.4621785,0,80,0
"Bakola",15:16:21.5,43.30347583333333,5.4621785,0,80,0
"Bakola",15:16:21.6,43.30347566666667,5.4621786666666665,0,80,0
"Bakola",15:16:21.7,43.30347566666667,5.4621786666666665,0,80,0
"Bakola",15:16:21.8,43.3034755,5.462178833333334,0,80,0
"Bakola",15:16:21.9,43.30347533333333,5.462179,0,80,0
"Bakola",15:16:22.0,43.30347533333333,5.462179166666667,0,80,0
"Bakola",15:16:22.1,43.3034755,5.462179166666667,0,80,0
"Bakola",15:16:22.2,43.3034755,5.462179333333333,0,80,0
"Bakola",15:16:22.3,43.30347566666667,5.4621795,0,80,0
"Bakola",15:16:22.4,43.30347566666667,5.4621795,0,80,0
"Bakola",15:16:22.5,43.30347583333333,5.4621796666666675,0,80,0
"Bakola",15:16:22.6,43.303476,5.4621796666666675,0,80,0
"Bakola",15:16:22.7,43.303476,5.462179833333334,0,80,0
"Bakola",15:16:22.8,43.303476,5.462179833333334,0,80,0
"Bakola",15:16:22.9,43.30347583333333,5.4621796666666675,0,80,0
"Bakola",15:16:23.0,43.3034755,5.4621795,0.42222256,80,4.2222256
"Bakola",15:16:23.1,43.303475166666665,5.462179333333333,0.41944478,80,0.027777800000000075
"Bakola",15:16:23.2,43.30347483333333,5.462179333333333,0.33611138,80,0.833334
"Bakola",15:16:23.3,43.3034745,5.462179,0.4861115,80,1.5000011999999996
"Bakola",15:16:23.4,43.30347416666666,5.462178833333334,0.40555588,80,0.8055562
"Bakola",15:16:23.5,43.303473833333335,5.4621785,0.49166706,80,0.8611118000000001
"Bakola",15:16:23.6,43.30347366666666,5.462178333333334,0,80,4.9166706
"Bakola",15:16:23.7,43.3034735,5.462178166666667,0,80,0
"Bakola",15:16:23.8,43.303473333333336,5.462178,0,80,0
"Bakola",15:16:23.9,43.303473333333336,5.4621778333333335,0,80,0
"Bakola",15:16:24.0,43.30347316666667,5.462177666666666,0,80,0
"Bakola",15:16:24.1,43.30347316666667,5.462177666666666,0,80,0
"Bakola",15:16:24.2,43.303473,5.462177666666666,0,80,0
"Bakola",15:16:24.3,43.303473,5.462177666666666,0,80,0
"Bakola",15:16:24.4,43.30347283333333,5.4621778333333335,0,80,0
"Bakola",15:16:24.5,43.30347283333333,5.4621778333333335,0,80,0
"Bakola",15:16:24.6,43.30347283333333,5.4621778333333335,0,80,0
"Bakola",15:16:24.7,43.30347283333333,5.4621778333333335,0,80,0
"Bakola",15:16:24.8,43.30347283333333,5.4621778333333335,0,80,0
"Bakola",15:16:24.9,43.303473,5.4621778333333335,0,80,0
"Bakola",15:16:25.0,43.303473333333336,5.4621778333333335,0.3055558,80,3.0555579999999996
"Bakola",15:16:25.1,43.3034735,5.4621778333333335,0.3472225,80,0.416667
"Bakola",15:16:25.2,43.303473833333335,5.462178,0.30833358,80,0.38888919999999993
"Bakola",15:16:25.3,43.303474,5.462178166666667,0,80,3.0833358
"Bakola",15:16:25.4,43.30347416666666,5.462178333333334,0,80,0
"Bakola",15:16:25.5,43.303474333333334,5.4621785,0,80,0
"Bakola",15:16:25.6,43.3034745,5.4621786666666665,0,80,0
"Bakola",15:16:25.7,43.303474666666666,5.4621786666666665,0,80,0
"Bakola",15:16:25.8,43.303474666666666,5.4621786666666665,0,80,0
"Bakola",15:16:25.9,43.30347483333333,5.462178333333334,0,80,0
"Bakola",15:16:26.0,43.303475,5.4621778333333335,0.37222252,80,3.7222252
"Bakola",15:16:26.1,43.303475,5.462177333333334,0.48888928,80,1.1666675999999998
"Bakola",15:16:26.2,43.303475,5.4621765,0.62777828,80,1.3888900000000004
"Bakola",15:16:26.3,43.30347533333333,5.462175666666667,0.6527783,80,0.2500002000000001
"Bakola",15:16:26.4,43.30347533333333,5.462175,0.49722262,80,1.5555568000000002
"Bakola",15:16:26.5,43.30347483333333,5.462174666666667,0.4305559,80,0.6666672000000001
"Bakola",15:16:26.6,43.30347483333333,5.462174833333334,0,80,4.305559
"Bakola",15:16:26.7,43.30347483333333,5.4621751666666665,0,80,0
"Bakola",15:16:26.8,43.3034755,5.462175833333334,0.70555612,80,0
"Bakola",15:16:26.9,43.303476,5.462177,1.0972231,80,3.916669799999999
"Bakola",15:16:27.0,43.303476333333336,5.4621785,1.32777884,80,2.3055574
"Bakola",15:16:27.1,43.30347666666667,5.46218,1.13055646,80,1.9722237999999992
"Bakola",15:16:27.2,43.30347666666667,5.4621805,0.63055606,80,5.000004
"Bakola",15:16:27.3,43.3034765,5.462180666666667,0,80,0
"Bakola",15:16:27.4,43.30347616666667,5.462180666666667,0.32777804,80,3.2777803999999997
"Bakola",15:16:27.5,43.30347566666667,5.462180333333333,0.56111156,80,2.3333351999999996
"Bakola",15:16:27.6,43.303475166666665,5.462179833333334,0.56388934,80,0.02777780000000063
"Bakola",15:16:27.7,43.303475,5.4621795,0.33611138,80,2.2777795999999997
"Bakola",15:16:27.8,43.303475,5.462178833333334,0.50277818,80,1.6666679999999994
"Bakola",15:16:27.9,43.30347483333333,5.4621785,0.3194447,80,1.8333347999999994
"Bakola",15:16:28.0,43.3034745,5.4621786666666665,0,80,3.1944470000000003
"Bakola",15:16:28.1,43.303474666666666,5.462179,0,80,0
"Bakola",15:16:28.2,43.303475166666665,5.462179,0.38055586,80,3.8055586
"Bakola",15:16:28.3,43.303475166666665,5.462179,0,80,3.8055586
"Bakola",15:16:28.4,43.303475,5.462179166666667,0,80,0
"Bakola",15:16:28.5,43.3034745,5.462179,0.33888916,80,3.3888916
"Bakola",15:16:28.6,43.303474,5.462178833333334,0.62222272,80,2.8333356
"Bakola",15:16:28.7,43.30347316666667,5.4621785,0.88333404,80,2.6111132
"Bakola",15:16:28.8,43.3034725,5.462178166666667,0.88611182,80,0.02777779999999952
"Bakola",15:16:28.9,43.30347183333333,5.462178,0.5833338,80,3.0277801999999996
"Bakola",15:16:29.0,43.3034715,5.462177666666666,0.5000004,80,0.833334
"Bakola",15:16:29.1,43.30347116666667,5.4621778333333335,0.36388918,80,1.3611122000000002
"Bakola",15:16:29.2,43.30347116666667,5.4621785,0.3611114,80,0.02777779999999952
"Bakola",15:16:29.3,43.3034715,5.462178833333334,0.4444448,80,0.8333339999999995
"Bakola",15:16:29.4,43.303472,5.46218,0.8472229,80,4.027781
"Bakola",15:16:29.5,43.3034725,5.462181166666667,1.0694453,80,2.2222239999999993
"Bakola",15:16:29.6,43.30347316666667,5.4621821666666674,1.0277786,80,0.41666699999999945
"Bakola",15:16:29.7,43.303473333333336,5.462183166666667,0.80000064,80,2.2777795999999992
"Bakola",15:16:29.8,43.3034735,5.462183666666667,0.55833378,80,2.4166686000000004
"Bakola",15:16:29.9,43.3034735,5.462184333333333,0.45000036,80,1.0833342000000001
"Bakola",15:16:30.0,43.30347316666667,5.462185333333333,0.71944502,80,2.6944466
"Bakola",15:16:30.1,43.30347283333333,5.462186333333333,0.78333396,80,0.6388894
"Bakola",15:16:30.2,43.303472166666666,5.462187,0.8472229,80,0.6388894
"Bakola",15:16:30.3,43.30347166666667,5.462188,0.83611178,80,0.1111112000000003
"Bakola",15:16:30.4,43.3034715,5.4621885,0.57777824,80,2.5833353999999997
"Bakola",15:16:30.5,43.3034715,5.462189166666667,0.50555596,80,0.7222227999999997
"Bakola",15:16:30.6,43.3034715,5.462189833333333,0.53333376,80,0.27777799999999964
"Bakola",15:16:30.7,43.30347183333333,5.462190166666667,0.416667,80,1.1666675999999998
"Bakola",15:16:30.8,43.303472166666666,5.4621905,0.36666696,80,0.5000004000000002
"Bakola",15:16:30.9,43.30347233333333,5.462190666666666,0.30277802,80,0.6388894
"Bakola",15:16:31.0,43.30347266666667,5.4621908333333336,0.38333364,80,0.8055562
"Bakola",15:16:31.1,43.30347316666667,5.462191,0.46666704,80,0.833334
"Bakola",15:16:31.2,43.30347316666667,5.462191333333334,0,80,4.666670399999999
"Bakola",15:16:31.3,43.303473,5.462191333333334,0,80,0
"Bakola",15:16:31.4,43.30347283333333,5.462191666666667,0,80,0
"Bakola",15:16:31.5,43.30347266666667,5.462191833333334,0,80,0
"Bakola",15:16:31.6,43.3034725,5.462192,0,80,0
"Bakola",15:16:31.7,43.30347233333333,5.462192166666667,0,80,0
"Bakola",15:16:31.8,43.30347233333333,5.462192166666667,0,80,0
"Bakola",15:16:31.9,43.30347233333333,5.462192166666667,0,80,0
"Bakola",15:16:32.0,43.303472166666666,5.462192333333333,0,80,0
"Bakola",15:16:32.1,43.303472166666666,5.462192333333333,0,80,0
"Bakola",15:16:32.2,43.30347233333333,5.462192333333333,0,80,0
"Bakola",15:16:32.3,43.30347233333333,5.462192333333333,0,80,0
"Bakola",15:16:32.4,43.3034725,5.4621925,0,80,0
"Bakola",15:16:32.5,43.30347266666667,5.4621925,0,80,0
"Bakola",15:16:32.6,43.30347283333333,5.462192666666668,0,80,0
"Bakola",15:16:32.7,43.303473,5.462192666666668,0,80,0
"Bakola",15:16:32.8,43.303473333333336,5.462192666666668,0,80,0
"Bakola",15:16:32.9,43.30347316666667,5.462192666666668,0,80,0
"Bakola",15:16:33.0,43.303473,5.4621925,0,80,0
"Bakola",15:16:33.1,43.30347283333333,5.462192333333333,0.31388914,80,3.1388914
"Bakola",15:16:33.2,43.30347233333333,5.462192166666667,0.48333372,80,1.6944458
"Bakola",15:16:33.3,43.30347183333333,5.462191833333334,0.53611154,80,0.5277782000000003
"Bakola",15:16:33.4,43.3034715,5.462191666666667,0.4583337,80,0.7777784000000004
"Bakola",15:16:33.5,43.30347116666667,5.462191333333334,0.47500038,80,0.1666667999999999
"Bakola",15:16:33.6,43.303471,5.462191166666667,0,80,4.7500038
"Bakola",15:16:33.7,43.303471,5.462191,0,80,0
"Bakola",15:16:33.8,43.303471,5.462191,0,80,0
"Bakola",15:16:33.9,43.303471,5.4621908333333336,0,80,0
"Bakola",15:16:34.0,43.30347116666667,5.4621908333333336,0,80,0
"Bakola",15:16:34.1,43.3034715,5.462190666666666,0.3194447,80,3.1944470000000003
"Bakola",15:16:34.2,43.303472,5.4621908333333336,0.4305559,80,1.1111119999999997
"Bakola",15:16:34.3,43.3034725,5.462191,0.56388934,80,1.3333344000000003
"Bakola",15:16:34.4,43.30347283333333,5.462191166666667,0.51944486,80,0.4444448000000001
"Bakola",15:16:34.5,43.3034735,5.4621915,0.60277826,80,0.833334
"Bakola",15:16:34.6,43.303473833333335,5.4621915,0.46111148,80,1.4166678
"Bakola",15:16:34.7,43.303474333333334,5.462191666666667,0.52222264,80,0.6111115999999994
"Bakola",15:16:34.8,43.3034745,5.462191833333334,0.36666696,80,1.5555567999999997
"Bakola",15:16:34.9,43.30347483333333,5.462191666666667,0.38333364,80,0.1666667999999999
"Bakola",15:16:35.0,43.303475,5.4621915,0.3055558,80,0.7777783999999999
"Bakola",15:16:35.1,43.303475166666665,5.4621908333333336,0.4444448,80,1.3888899999999997
"Bakola",15:16:35.2,43.303475,5.462190333333333,0.45277814,80,0.08333340000000022
"Bakola",15:16:35.3,43.30347483333333,5.462189833333333,0.55277822,80,1.0000007999999998
"Bakola",15:16:35.4,43.30347483333333,5.462189166666667,0.54444488,80,0.08333339999999967
"Bakola",15:16:35.5,43.30347483333333,5.4621885,0.53611154,80,0.08333339999999967
"Bakola",15:16:35.6,43.30347483333333,5.4621881666666665,0.36944474,80,1.6666680000000005
"Bakola",15:16:35.7,43.303475166666665,5.462187666666667,0.43333368,80,0.6388894
"Bakola",15:16:35.8,43.3034755,5.462187666666667,0.37222252,80,0.6111116
"Bakola",15:16:35.9,43.30347583333333,5.462187666666667,0.4305559,80,0.5833337999999999
"Bakola",15:16:36.0,43.303476333333336,5.462187833333333,0.55000044,80,1.1944454000000004
"Bakola",15:16:36.1,43.303476833333335,5.462187833333333,0.49166706,80,0.5833338000000005
"Bakola",15:16:36.2,43.30347716666666,5.462188333333334,0.52222264,80,0.3055557999999997
"Bakola",15:16:36.3,43.30347783333334,5.462188333333334,0.57777824,80,0.5555560000000004
"Bakola",15:16:36.4,43.303478,5.462188333333334,0.35000028,80,2.2777795999999997
"Bakola",15:16:36.5,43.3034785,5.4621881666666665,0.43333368,80,0.833334
"Bakola",15:16:36.6,43.30347866666666,5.462188,0.37777808,80,0.5555559999999998
"Bakola",15:16:36.7,43.303479,5.462187666666667,0.44166702,80,0.6388894
"Bakola",15:16:36.8,43.303479,5.462187166666667,0.43611146,80,0.05555560000000015
"Bakola",15:16:36.9,43.303479,5.462186833333334,0.39722254,80,0.38888919999999993
"Bakola",15:16:37.0,43.303479,5.462186166666667,0.52222264,80,1.2500009999999995
"Bakola",15:16:37.1,43.30347916666667,5.4621855,0.57500046,80,0.5277782000000009
"Bakola",15:16:37.2,43.30347933333333,5.462185166666667,0.40833366,80,1.6666680000000005
"Bakola",15:16:37.3,43.3034795,5.462185166666667,0,80,4.0833366
"Bakola",15:16:37.4,43.303479833333334,5.462185,0,80,0
"Bakola",15:16:37.5,43.30348,5.4621855,0.4027781,80,4.027780999999999
"Bakola",15:16:37.6,43.30348016666667,5.462185833333334,0.30277802,80,1.0000007999999998
"Bakola",15:16:37.7,43.30348,5.462185833333334,0,80,3.0277801999999996
"Bakola",15:16:37.8,43.303479833333334,5.4621855,0,80,0
"Bakola",15:16:37.9,43.30348016666667,5.462185666666667,0,80,0
"Bakola",15:16:38.0,43.3034805,5.462185666666667,0,80,0
"Bakola",15:16:38.1,43.303480666666665,5.4621855,0,80,0
"Bakola",15:16:38.2,43.303481166666664,5.462185666666667,0.5277782,80,5.277781999999999
"Bakola",15:16:38.3,43.3034815,5.462186333333333,0.62777828,80,1.0000008000000005
"Bakola",15:16:38.4,43.30348216666667,5.462186666666667,0.6111116,80,0.16666680000000045
"Bakola",15:16:38.5,43.30348333333333,5.4621865,0.96944522,80,3.5833362
"Bakola",15:16:38.6,43.30348516666666,5.462185333333333,2.05277942,80,0
"Bakola",15:16:38.7,43.30348633333333,5.462185,1.6111124,80,4.416670199999999
"Bakola",15:16:38.8,43.30348766666667,5.462185,1.44722338,80,1.6388901999999983
"Bakola",15:16:38.9,43.303489,5.462184833333334,1.47777896,80,0.30555579999999916
"Bakola",15:16:39.0,43.303489666666664,5.462185333333333,0.98888968,80,4.8888928
"Bakola",15:16:39.1,43.303490833333335,5.462185,1.28611214,80,2.9722245999999997
"Bakola",15:16:39.2,43.303491333333334,5.462185,0.96944522,80,3.1666691999999994
"Bakola",15:16:39.3,43.30349233333334,5.462184666666667,0.99166746,80,0.2222223999999995
"Bakola",15:16:39.4,43.30349283333333,5.462184333333333,0.7083339,80,2.8333356
"Bakola",15:16:39.5,43.30349333333333,5.462184,0.5972227,80,1.1111119999999997
"Bakola",15:16:39.6,43.30349316666667,5.4621845,0,80,5.972226999999999
"Bakola",15:16:39.7,43.303493,5.462185166666667,0.40000032,80,4.0000032
"Bakola",15:16:39.8,43.30349333333333,5.462185833333334,0.64166718,80,2.4166685999999995
"Bakola",15:16:39.9,43.30349333333333,5.462186666666667,0.59444492,80,0.4722225999999996
"Bakola",15:16:40.0,43.30349316666667,5.4621873333333335,0.51111152,80,0.833334
"Bakola",15:16:40.1,43.303493,5.4621875,0.42777812,80,0.8333340000000006
"Bakola",15:16:40.2,43.30349183333333,5.462187666666667,0.94722298,80,5.194448600000001
"Bakola",15:16:40.3,43.303491,5.462187833333333,0.9444452,80,0.02777780000000063
"Bakola",15:16:40.4,43.30349033333333,5.462187666666667,0.8888896,80,0.5555560000000004
"Bakola",15:16:40.5,43.303489166666665,5.462187833333333,0.87777848,80,0.11111119999999919
"Bakola",15:16:40.6,43.30348866666667,5.462188,0.78888952,80,0.8888896000000002
"Bakola",15:16:40.7,43.303488,5.4621885,0.833334,80,0.4444448000000001
"Bakola",15:16:40.8,43.30348766666667,5.462188666666667,0.58888936,80,2.4444464
"Bakola",15:16:40.9,43.30348683333333,5.462188333333334,0.85833402,80,2.6944466
"Bakola",15:16:41.0,43.303486,5.462188333333334,0.83055622,80,0.27777800000000075
"Bakola",15:16:41.1,43.30348516666666,5.462189,1.04722306,80,2.166668400000001
"Bakola",15:16:41.2,43.303484166666664,5.462188666666667,0.9027785,80,1.4444456000000006
"Bakola",15:16:41.3,43.3034825,5.462187166666667,1.96944602,80,0
"Bakola",15:16:41.4,43.303481166666664,5.462186333333333,1.7638903,80,2.0555572
"Bakola",15:16:41.5,43.303479,5.4621845,2.4583353,80,0
"Bakola",15:16:41.6,43.30347716666666,5.462183,2.40833526,80,0.5000004000000002
"Bakola",15:16:41.7,43.30347616666667,5.462182833333333,1.38611222,80,0
"Bakola",15:16:41.8,43.30347566666667,5.462182833333333,0.83888956,80,5.472226599999999
"Bakola",15:16:41.9,43.303474333333334,5.462183333333334,1.43333448,80,5.9444492
"Bakola",15:16:42.0,43.30347366666666,5.462183,0.94166742,80,4.9166706
"Bakola",15:16:42.1,43.30347233333333,5.462183333333334,1.04444528,80,1.0277785999999989
"Bakola",15:16:42.2,43.3034705,5.462182666666666,1.74722362,80,0
"Bakola",15:16:42.3,43.30346966666667,5.462183166666667,1.28055658,80,4.666670399999999
"Bakola",15:16:42.4,43.30346983333333,5.462183333333334,0.33888916,80,0
"Bakola",15:16:42.5,43.30346983333333,5.462184166666667,0.43611146,80,0.9722229999999998
"Bakola",15:16:42.6,43.30347016666666,5.462185333333333,0.91944518,80,4.833337199999999
"Bakola",15:16:42.7,43.3034705,5.462186833333334,1.1944454,80,2.7500022
"Bakola",15:16:42.8,43.30347116666667,5.462188333333334,1.3611122,80,1.666668
"Bakola",15:16:42.9,43.30347166666667,5.462189166666667,0.89722294,80,4.638892599999999
"Bakola",15:16:43.0,43.303472166666666,5.46219,0.85000068,80,0.4722226000000007
"Bakola",15:16:43.1,43.30347233333333,5.462190333333333,0.44166702,80,4.083336599999999
"Bakola",15:16:43.2,43.303472166666666,5.462190333333333,0,80,4.4166701999999995
"Bakola",15:16:43.3,43.303472,5.462190666666666,0,80,0
"Bakola",15:16:43.4,43.30347233333333,5.462191,0.33888916,80,3.3888916
"Bakola",15:16:43.5,43.30347283333333,5.462191333333334,0.66388942,80,3.2500025999999993
"Bakola",15:16:43.6,43.3034735,5.462191666666667,0.67500054,80,0.1111112000000003
"Bakola",15:16:43.7,43.303473833333335,5.462191833333334,0.53611154,80,1.3888899999999993
"Bakola",15:16:43.8,43.303474,5.4621925,0.33611138,80,2.0000016
"Bakola",15:16:43.9,43.30347416666666,5.462192833333333,0,80,3.3611138
"Bakola",15:16:44.0,43.303474,5.4621933333333335,0,80,0
"Bakola",15:16:44.1,43.303474,5.462193666666667,0,80,0
"Bakola",15:16:44.2,43.303473833333335,5.462194,0,80,0
"Bakola",15:16:44.3,43.3034735,5.4621945,0.3333336,80,3.333336
"Bakola",15:16:44.4,43.303473333333336,5.462194833333334,0,80,3.333336
"Bakola",15:16:44.5,43.303473,5.462195,0.33055582,80,3.3055581999999997
"Bakola",15:16:44.6,43.30347283333333,5.4621951666666675,0,80,3.3055581999999997
"Bakola",15:16:44.7,43.30347283333333,5.462195333333333,0,80,0
"Bakola",15:16:44.8,43.30347283333333,5.462195333333333,0,80,0
"Bakola",15:16:44.9,43.303473,5.4621955,0,80,0
"Bakola",15:16:45.0,43.30347316666667,5.462195666666667,0,80,0
"Bakola",15:16:45.1,43.30347316666667,5.462195833333333,0,80,0
"Bakola",15:16:45.2,43.303473333333336,5.462196,0,80,0
"Bakola",15:16:45.3,43.3034735,5.462196,0,80,0
"Bakola",15:16:45.4,43.30347366666666,5.462196166666667,0,80,0
"Bakola",15:16:45.5,43.303473833333335,5.462196,0,80,0
"Bakola",15:16:45.6,43.303473833333335,5.462195833333333,0,80,0
"Bakola",15:16:45.7,43.303474,5.462195666666667,0,80,0
"Bakola",15:16:45.8,43.303474,5.462195666666667,0,80,0
"Bakola",15:16:45.9,43.30347416666666,5.462195833333333,0,80,0
"Bakola",15:16:46.0,43.30347416666666,5.462195833333333,0,80,0
"Bakola",15:16:46.1,43.30347416666666,5.462195833333333,0,80,0
"Bakola",15:16:46.2,43.303473833333335,5.462195833333333,0.33055582,80,3.3055581999999997
"Bakola",15:16:46.3,43.303473333333336,5.462195666666667,0.58611158,80,2.5555575999999993
"Bakola",15:16:46.4,43.3034725,5.4621951666666675,0.91111184,80,3.2500026
"Bakola",15:16:46.5,43.303472,5.462195,0.63333384,80,2.7777799999999995
"Bakola",15:16:46.6,43.3034715,5.4621945,0.6388894,80,0.05555560000000015
"Bakola",15:16:46.7,43.30347116666667,5.4621945,0.39166698,80,2.4722242000000003
"Bakola",15:16:46.8,43.303471,5.4621945,0,80,3.9166697999999998
"Bakola",15:16:46.9,43.30347116666667,5.462194666666667,0,80,0
"Bakola",15:16:47.0,43.30347116666667,5.462194833333334,0,80,0
"Bakola",15:16:47.1,43.30347133333333,5.4621951666666675,0,80,0
"Bakola",15:16:47.2,43.30347166666667,5.462195333333333,0.43611146,80,4.3611146
"Bakola",15:16:47.3,43.30347183333333,5.4621951666666675,0,80,4.3611146
"Bakola",15:16:47.4,43.30347183333333,5.462194666666667,0.36388918,80,3.6388917999999997
"Bakola",15:16:47.5,43.30347183333333,5.4621941666666665,0.41111144,80,0.47222260000000016
"Bakola",15:16:47.6,43.30347133333333,5.462193666666667,0.63055606,80,2.1944462
"Bakola",15:16:47.7,43.30347116666667,5.462192666666668,0.80000064,80,1.6944458000000007
"Bakola",15:16:47.8,43.303471,5.462192166666667,0.5416671,80,2.5833354000000006
"Bakola",15:16:47.9,43.303470833333336,5.462191666666667,0.52222264,80,0.19444459999999997
"Bakola",15:16:48.0,43.303470833333336,5.4621915,0,80,5.222226399999999
"Bakola",15:16:48.1,43.303470833333336,5.4621915,0,80,0
"Bakola",15:16:48.2,43.303471,5.462191833333334,0,80,0
"Bakola",15:16:48.3,43.30347116666667,5.462192,0.33888916,80,3.3888916
"Bakola",15:16:48.4,43.30347133333333,5.4621925,0.35555584,80,0.1666667999999999
"Bakola",15:16:48.5,43.30347166666667,5.462192666666668,0.47777816,80,1.2222232
"Bakola",15:16:48.6,43.30347183333333,5.462193,0.44166702,80,0.36111139999999986
"Bakola",15:16:48.7,43.303472,5.462193166666667,0.3472225,80,0.9444452000000003
"Bakola",15:16:48.8,43.303472166666666,5.4621933333333335,0.30833358,80,0.38888919999999993
"Bakola",15:16:48.9,43.303472166666666,5.4621935,0,80,3.0833358
"Bakola",15:16:49.0,43.30347233333333,5.4621935,0,80,0
"Bakola",15:16:49.1,43.303472166666666,5.4621933333333335,0,80,0
"Bakola",15:16:49.2,43.303472166666666,5.462193,0,80,0
"Bakola",15:16:49.3,43.303472166666666,5.462192833333333,0,80,0
"Bakola",15:16:49.4,43.303472,5.462192833333333,0,80,0
"Bakola",15:16:49.5,43.303472,5.462192833333333,0,80,0
"Bakola",15:16:49.6,43.30347183333333,5.462192833333333,0,80,0
"Bakola",15:16:49.7,43.30347183333333,5.462192833333333,0,80,0
"Bakola",15:16:49.8,43.30347166666667,5.462192833333333,0,80,0
"Bakola",15:16:49.9,43.30347166666667,5.462192833333333,0,80,0
"Bakola",15:16:50.0,43.30347166666667,5.462192666666668,0,80,0
"Bakola",15:16:50.1,43.30347166666667,5.4621925,0,80,0
"Bakola",15:16:50.2,43.30347183333333,5.4621925,0,80,0
"Bakola",15:16:50.3,43.303472166666666,5.462192666666668,0.3194447,80,3.1944470000000003
"Bakola",15:16:50.4,43.30347266666667,5.462192833333333,0.46388926,80,1.4444455999999999
"Bakola",15:16:50.5,43.30347316666667,5.462192833333333,0.60277826,80,1.3888899999999997
"Bakola",15:16:50.6,43.3034735,5.462193166666667,0.53333376,80,0.6944450000000002
"Bakola",15:16:50.7,43.303473833333335,5.4621935,0.5000004,80,0.3333335999999998
"Bakola",15:16:50.8,43.30347416666666,5.462194,0.51111152,80,0.1111112000000003
"Bakola",15:16:50.9,43.30347416666666,5.4621941666666665,0,80,5.1111152
"Bakola",15:16:51.0,43.30347416666666,5.462194666666667,0,80,0
"Bakola",15:16:51.1,43.303474,5.462195,0.31388914,80,3.1388914
"Bakola",15:16:51.2,43.30347366666666,5.4621955,0.4444448,80,1.3055565999999996
"Bakola",15:16:51.3,43.30347316666667,5.462196,0.59166714,80,1.4722234
"Bakola",15:16:51.4,43.30347266666667,5.4621965,0.49166706,80,1.0000007999999998
"Bakola",15:16:51.5,43.3034725,5.462197166666667,0.53333376,80,0.416667
"Bakola",15:16:51.6,43.30347233333333,5.462197333333334,0.3888892,80,1.4444455999999999
"Bakola",15:16:51.7,43.303472,5.462197833333333,0.38055586,80,0.08333339999999967
"Bakola",15:16:51.8,43.303472166666666,5.462198166666667,0,80,3.8055586
"Bakola",15:16:51.9,43.30347233333333,5.4621985,0.32777804,80,3.2777803999999997
"Bakola",15:16:52.0,43.3034725,5.462198666666667,0,80,3.2777803999999997
"Bakola",15:16:52.1,43.30347283333333,5.462198666666667,0,80,0
"Bakola",15:16:52.2,43.303473,5.462198833333334,0,80,0
"Bakola",15:16:52.3,43.30347316666667,5.462198833333334,0,80,0
"Bakola",15:16:52.4,43.30347366666666,5.462199166666666,0.39722254,80,3.9722254
"Bakola",15:16:52.5,43.303474,5.462199333333333,0.35833362,80,0.38888919999999993
"Bakola",15:16:52.6,43.303474,5.4621995,0,80,3.5833362
"Bakola",15:16:52.7,43.30347416666666,5.462199833333334,0,80,0
"Bakola",15:16:52.8,43.30347416666666,5.462199833333334,0,80,0
"Bakola",15:16:52.9,43.30347416666666,5.4622,0,80,0
"Bakola",15:16:53.0,43.303474,5.4622,0,80,0
"Bakola",15:16:53.1,43.303474,5.4622,0,80,0
"Bakola",15:16:53.2,43.303473833333335,5.462200166666667,0,80,0
"Bakola",15:16:53.3,43.3034735,5.462200166666667,0,80,0
"Bakola",15:16:53.4,43.30347316666667,5.4622,0.44166702,80,4.4166701999999995
"Bakola",15:16:53.5,43.30347266666667,5.4622,0.4027781,80,0.3888892000000005
"Bakola",15:16:53.6,43.3034725,5.462199833333334,0.43888924,80,0.3611114000000004
"Bakola",15:16:53.7,43.303472,5.4621995,0.48055594,80,0.416667
"Bakola",15:16:53.8,43.30347183333333,5.462199333333333,0.3888892,80,0.9166674000000002
"Bakola",15:16:53.9,43.30347166666667,5.462199166666666,0.33611138,80,0.5277781999999998
"Bakola",15:16:54.0,43.3034715,5.462198833333334,0,80,3.3611138
"Bakola",15:16:54.1,43.3034715,5.462198833333334,0,80,0
"Bakola",15:16:54.2,43.30347166666667,5.462198833333334,0,80,0
"Bakola",15:16:54.3,43.30347166666667,5.462198833333334,0,80,0
"Bakola",15:16:54.4,43.30347183333333,5.462199,0,80,0
"Bakola",15:16:54.5,43.30347183333333,5.4621995,0.38611142,80,3.8611142
"Bakola",15:16:54.6,43.3034715,5.462199333333333,0.31388914,80,0.7222227999999997
"Bakola",15:16:54.7,43.30347116666667,5.462199,0.33888916,80,0.2500002000000001
"Bakola",15:16:54.8,43.30347066666666,5.462198833333334,0.54722266,80,2.0833349999999995
"Bakola",15:16:54.9,43.3034705,5.462198,0.60833382,80,0.6111116000000005
"Bakola",15:16:55.0,43.30347016666666,5.462196666666666,1.06388974,80,4.555559199999999
"Bakola",15:16:55.1,43.30347,5.462197,0,80,0
"Bakola",15:16:55.2,43.30346966666667,5.4621985,0.92500074,80,0
"Bakola",15:16:55.3,43.303469166666666,5.462197833333333,0.58611158,80,3.3888916
"Bakola",15:16:55.4,43.303469166666666,5.462197333333334,0.33888916,80,2.4722241999999994
"Bakola",15:16:55.5,43.30346966666667,5.4621968333333335,0.45555592,80,1.1666675999999998
"Bakola",15:16:55.6,43.30346983333333,5.462196166666667,0.58611158,80,1.3055565999999996
"Bakola",15:16:55.7,43.30346983333333,5.462195833333333,0.35833362,80,2.2777795999999992
"Bakola",15:16:55.8,43.30346966666667,5.462195333333333,0.48333372,80,1.250001
"Bakola",15:16:55.9,43.30346966666667,5.4621945,0.6388894,80,1.5555568000000002
"Bakola",15:16:56.0,43.30346966666667,5.462193833333334,0.5833338,80,0.5555560000000004
"Bakola",15:16:56.1,43.30346966666667,5.462193,0.60277826,80,0.19444459999999997
"Bakola",15:16:56.2,43.3034695,5.462192666666668,0.39444476,80,2.083335
"Bakola",15:16:56.3,43.303469166666666,5.462192666666668,0,80,3.9444475999999997
"Bakola",15:16:56.4,43.30346933333333,5.462193,0,80,0
"Bakola",15:16:56.5,43.303469166666666,5.462193,0,80,0
"Bakola",15:16:56.6,43.303469166666666,5.462193166666667,0,80,0
"Bakola",15:16:56.7,43.30346933333333,5.4621933333333335,0,80,0
"Bakola",15:16:56.8,43.3034695,5.462193833333334,0.33055582,80,3.3055581999999997
"Bakola",15:16:56.9,43.30346966666667,5.4621945,0.56388934,80,2.3333352
"Bakola",15:16:57.0,43.30347,5.462195,0.5833338,80,0.19444459999999997
"Bakola",15:16:57.1,43.30347016666666,5.4621955,0.43888924,80,1.4444455999999999
"Bakola",15:16:57.2,43.30347033333334,5.462196166666667,0.50277818,80,0.6388893999999995
"Bakola",15:16:57.3,43.3034705,5.462196666666666,0.44722258,80,0.5555559999999998
"Bakola",15:16:57.4,43.3034705,5.462197,0.3194447,80,1.2777787999999994
"Bakola",15:16:57.5,43.3034705,5.462197166666667,0,80,3.1944470000000003
"Bakola",15:16:57.6,43.30347033333334,5.462197333333334,0,80,0
"Bakola",15:16:57.7,43.30347016666666,5.462197333333334,0,80,0
"Bakola",15:16:57.8,43.30347,5.462197,0,80,0
"Bakola",15:16:57.9,43.30347033333334,5.462197166666667,0,80,0
"Bakola",15:16:58.0,43.3034705,5.462197333333334,0.31388914,80,3.1388914
"Bakola",15:16:58.1,43.303471,5.462197333333334,0.43888924,80,1.250001
"Bakola",15:16:58.2,43.3034715,5.4621975,0.42500034,80,0.13888900000000037
"Bakola",15:16:58.3,43.30347166666667,5.4621975,0,80,4.2500034
"Bakola",15:16:58.4,43.30347183333333,5.462197333333334,0,80,0
"Bakola",15:16:58.5,43.30347166666667,5.462197166666667,0,80,0
"Bakola",15:16:58.6,43.3034715,5.4621968333333335,0.34444472,80,3.4444471999999995
"Bakola",15:16:58.7,43.30347116666667,5.462196166666667,0.61666716,80,2.7222244
"Bakola",15:16:58.8,43.303471,5.462195333333333,0.68333388,80,0.6666671999999996
"Bakola",15:16:58.9,43.303470833333336,5.4621945,0.61666716,80,0.6666671999999996
"Bakola",15:16:59.0,43.30347066666666,5.4621941666666665,0.4861115,80,1.3055566
"Bakola",15:16:59.1,43.30347033333334,5.462193833333334,0.35000028,80,1.3611121999999998
"Bakola",15:16:59.2,43.30347,5.462194,0.40555588,80,0.5555559999999998
"Bakola",15:16:59.3,43.3034695,5.4621945,0.63611162,80,2.3055574
"Bakola",15:16:59.4,43.303469166666666,5.462195333333333,0.74166726,80,1.0555564000000006
"Bakola",15:16:59.5,43.303469,5.462195666666667,0.555556,80,1.8611126
"Bakola",15:16:59.6,43.30346866666667,5.462196166666667,0.48333372,80,0.7222228000000003
"Bakola",15:16:59.7,43.30346833333333,5.462196166666667,0,80,4.8333372
"Bakola",15:16:59.8,43.30346816666667,5.462196,0,80,0
"Bakola",15:16:59.9,43.303468,5.462195666666667,0.34166694,80,3.4166693999999995
"Bakola",15:17:00.0,43.30346783333333,5.4621951666666675,0.38611142,80,0.4444448000000001
"Bakola",15:17:00.1,43.30346766666666,5.462195,0,80,3.8611142
"Bakola",15:17:00.2,43.3034675,5.4621945,0.43611146,80,4.3611146
"Bakola",15:17:00.3,43.30346733333334,5.462194333333334,0,80,4.3611146
"Bakola",15:17:00.4,43.30346733333334,5.4621941666666665,0,80,0
"Bakola",15:17:00.5,43.30346733333334,5.4621941666666665,0,80,0
"Bakola",15:17:00.6,43.30346733333334,5.462194333333334,0,80,0
"Bakola",15:17:00.7,43.30346733333334,5.462194333333334,0,80,0
"Bakola",15:17:00.8,43.303467166666664,5.4621945,0,80,0
"Bakola",15:17:00.9,43.30346733333334,5.462194833333334,0,80,0
"Bakola",15:17:01.0,43.303467166666664,5.462195,0,80,0
"Bakola",15:17:01.1,43.303467166666664,5.4621951666666675,0,80,0
"Bakola",15:17:01.2,43.303467166666664,5.4621951666666675,0,80,0
"Bakola",15:17:01.3,43.303467,5.462195333333333,0,80,0
"Bakola",15:17:01.4,43.303467,5.4621955,0,80,0
"Bakola",15:17:01.5,43.303467,5.4621955,0,80,0
"Bakola",15:17:01.6,43.30346683333334,5.462195666666667,0,80,0
"Bakola",15:17:01.7,43.30346683333334,5.462195666666667,0,80,0
"Bakola",15:17:01.8,43.30346683333334,5.462195666666667,0,80,0
"Bakola",15:17:01.9,43.30346683333334,5.462195833333333,0,80,0
"Bakola",15:17:02.0,43.303466666666665,5.462195833333333,0,80,0
"Bakola",15:17:02.1,43.30346683333334,5.462195833333333,0,80,0
"Bakola",15:17:02.2,43.30346683333334,5.462196,0,80,0
"Bakola",15:17:02.3,43.303466666666665,5.462195833333333,0,80,0
"Bakola",15:17:02.4,43.30346633333333,5.462195,0.53888932,80,5.3888932
"Bakola",15:17:02.5,43.30346616666666,5.462194333333334,0.63055606,80,0.9166673999999997
"Bakola",15:17:02.6,43.303466,5.4621935,0.7083339,80,0.7777783999999999
"Bakola",15:17:02.7,43.303465833333334,5.462192833333333,0.56111156,80,1.4722234
"Bakola",15:17:02.8,43.30346566666667,5.462192666666668,0.31111136,80,2.5000019999999994
"Bakola",15:17:02.9,43.3034655,5.4621925,0,80,3.1111136
"Bakola",15:17:03.0,43.3034655,5.462192666666668,0,80,0
"Bakola",15:17:03.1,43.303465333333335,5.462193,0,80,0
"Bakola",15:17:03.2,43.303465333333335,5.4621935,0.36666696,80,3.6666695999999996
"Bakola",15:17:03.3,43.30346516666667,5.462194333333334,0.53888932,80,1.7222236000000002
"Bakola",15:17:03.4,43.303465333333335,5.462195,0.47500038,80,0.6388894
"Bakola",15:17:03.5,43.303465333333335,5.4621955,0.48333372,80,0.08333340000000022
"Bakola",15:17:03.6,43.3034655,5.462196166666667,0.50833374,80,0.25000019999999956
"Bakola",15:17:03.7,43.30346566666667,5.4621965,0.31666692,80,1.9166681999999995
"Bakola",15:17:03.8,43.30346566666667,5.4621965,0,80,3.1666692
"Bakola",15:17:03.9,43.3034655,5.4621965,0,80,0
"Bakola",15:17:04.0,43.303465333333335,5.4621965,0,80,0
"Bakola",15:17:04.1,43.30346483333333,5.462196333333334,0.43333368,80,4.3333368
"Bakola",15:17:04.2,43.30346466666667,5.462196166666667,0.3472225,80,0.8611118000000001
"Bakola",15:17:04.3,43.30346433333333,5.462196,0.35277806,80,0.05555560000000015
"Bakola",15:17:04.4,43.30346383333333,5.462195833333333,0.39444476,80,0.416667
"Bakola",15:17:04.5,43.303463666666666,5.462195833333333,0,80,3.9444475999999997
"Bakola",15:17:04.6,43.3034635,5.462195666666667,0,80,0
"Bakola",15:17:04.7,43.30346333333333,5.462195666666667,0,80,0
"Bakola",15:17:04.8,43.30346333333333,5.4621955,0,80,0
"Bakola",15:17:04.9,43.30346333333333,5.4621955,0,80,0
"Bakola",15:17:05.0,43.30346333333333,5.4621955,0,80,0
"Bakola",15:17:05.1,43.30346333333333,5.4621955,0,80,0
"Bakola",15:17:05.2,43.3034635,5.4621955,0,80,0
"Bakola",15:17:05.3,43.3034635,5.4621955,0,80,0
"Bakola",15:17:05.4,43.303463666666666,5.462195666666667,0,80,0
"Bakola",15:17:05.5,43.303463666666666,5.4621955,0,80,0
"Bakola",15:17:05.6,43.303463666666666,5.4621955,0,80,0
"Bakola",15:17:05.7,43.303463666666666,5.4621955,0,80,0
"Bakola",15:17:05.8,43.303463666666666,5.4621955,0,80,0
"Bakola",15:17:05.9,43.303463666666666,5.4621955,0,80,0
"Bakola",15:17:06.0,43.30346383333333,5.462195333333333,0,80,0
"Bakola",15:17:06.1,43.30346383333333,5.462195333333333,0,80,0
"Bakola",15:17:06.2,43.30346383333333,5.462195333333333,0,80,0
"Bakola",15:17:06.3,43.30346383333333,5.4621951666666675,0,80,0
"Bakola",15:17:06.4,43.30346383333333,5.4621951666666675,0,80,0
"Bakola",15:17:06.5,43.30346383333333,5.4621951666666675,0,80,0
"Bakola",15:17:06.6,43.30346383333333,5.4621951666666675,0,80,0
"Bakola",15:17:06.7,43.303463666666666,5.462195333333333,0,80,0
"Bakola",15:17:06.8,43.303463666666666,5.462195333333333,0,80,0
"Bakola",15:17:06.9,43.303463666666666,5.462195333333333,0,80,0
"Bakola",15:17:07.0,43.303463666666666,5.462195333333333,0,80,0
"Bakola",15:17:07.1,43.303463666666666,5.462195333333333,0,80,0
"Bakola",15:17:07.2,43.303463666666666,5.462195333333333,0,80,0
"Bakola",15:17:07.3,43.3034635,5.4621955,0,80,0
"Bakola",15:17:07.4,43.3034635,5.462195666666667,0,80,0
"Bakola",15:17:07.5,43.3034635,5.462195666666667,0,80,0
"Bakola",15:17:07.6,43.3034635,5.462195666666667,0,80,0
"Bakola",15:17:07.7,43.30346333333333,5.462195833333333,0,80,0
"Bakola",15:17:07.8,43.30346333333333,5.462196,0,80,0
"Bakola",15:17:07.9,43.30346333333333,5.462196,0,80,0
"Bakola",15:17:08.0,43.30346333333333,5.462196166666667,0,80,0
"Bakola",15:17:08.1,43.30346333333333,5.462196166666667,0,80,0
"Bakola",15:17:08.2,43.30346333333333,5.462196166666667,0,80,0
"Bakola",15:17:08.3,43.30346333333333,5.462196333333334,0,80,0
"Bakola",15:17:08.4,43.30346316666666,5.462196333333334,0,80,0
"Bakola",15:17:08.5,43.30346316666666,5.462196333333334,0,80,0
"Bakola",15:17:08.6,43.30346316666666,5.4621965,0,80,0
"Bakola",15:17:08.7,43.30346316666666,5.4621965,0,80,0
"Bakola",15:17:08.8,43.30346316666666,5.4621965,0,80,0
"Bakola",15:17:08.9,43.30346316666666,5.4621965,0,80,0
"Bakola",15:17:09.0,43.30346316666666,5.4621965,0,80,0
"Bakola",15:17:09.1,43.30346316666666,5.4621965,0,80,0
"Bakola",15:17:09.2,43.30346316666666,5.4621965,0,80,0
"Bakola",15:17:09.3,43.30346333333333,5.4621965,0,80,0
"Bakola",15:17:09.4,43.3034635,5.4621968333333335,0,80,0
"Bakola",15:17:09.5,43.303463666666666,5.462197,0,80,0
"Bakola",15:17:09.6,43.30346383333333,5.462197333333334,0,80,0
"Bakola",15:17:09.7,43.30346383333333,5.462197333333334,0,80,0
"Bakola",15:17:09.8,43.30346383333333,5.462197333333334,0,80,0
"Bakola",15:17:09.9,43.303464,5.4621975,0,80,0
"Bakola",15:17:10.0,43.30346383333333,5.462197333333334,0,80,0
"Bakola",15:17:10.1,43.30346383333333,5.4621975,0,80,0
"Bakola",15:17:10.2,43.30346383333333,5.4621975,0,80,0
"Bakola",15:17:10.3,43.303463666666666,5.462197666666667,0,80,0
"Bakola",15:17:10.4,43.303463666666666,5.462198,0,80,0
"Bakola",15:17:10.5,43.3034635,5.462197833333333,0,80,0
"Bakola",15:17:10.6,43.30346333333333,5.462198,0,80,0
"Bakola",15:17:10.7,43.30346333333333,5.462198,0,80,0
"Bakola",15:17:10.8,43.30346316666666,5.462198,0,80,0
"Bakola",15:17:10.9,43.303463,5.462198166666667,0,80,0
"Bakola",15:17:11.0,43.303463,5.462198,0,80,0
"Bakola",15:17:11.1,43.303462833333334,5.462198166666667,0,80,0
"Bakola",15:17:11.2,43.303462833333334,5.462198,0,80,0
"Bakola",15:17:11.3,43.303462833333334,5.462198,0,80,0
"Bakola",15:17:11.4,43.303462833333334,5.462198,0,80,0
"Bakola",15:17:11.5,43.303462833333334,5.462198,0,80,0
"Bakola",15:17:11.6,43.303462833333334,5.462198,0,80,0
"Bakola",15:17:11.7,43.303462833333334,5.462198,0,80,0
"Bakola",15:17:11.8,43.303462833333334,5.462198,0,80,0
"Bakola",15:17:11.9,43.303462833333334,5.462198,0,80,0
"Bakola",15:17:12.0,43.303462833333334,5.462198,0,80,0
"Bakola",15:17:12.1,43.303462833333334,5.462197833333333,0,80,0
"Bakola",15:17:12.2,43.303462833333334,5.462197833333333,0,80,0
"Bakola",15:17:12.3,43.303462833333334,5.462197833333333,0,80,0
"Bakola",15:17:12.4,43.303462833333334,5.462197833333333,0,80,0
"Bakola",15:17:12.5,43.30346266666666,5.462197833333333,0,80,0
"Bakola",15:17:12.6,43.30346266666666,5.462197666666667,0,80,0
"Bakola",15:17:12.7,43.30346266666666,5.462197666666667,0,80,0
"Bakola",15:17:12.8,43.30346266666666,5.462197833333333,0,80,0
"Bakola",15:17:12.9,43.30346266666666,5.462197666666667,0,80,0
"Bakola",15:17:13.0,43.30346266666666,5.462197666666667,0,80,0
"Bakola",15:17:13.1,43.30346266666666,5.462197666666667,0,80,0
"Bakola",15:17:13.2,43.30346266666666,5.462197666666667,0,80,0
"Bakola",15:17:13.3,43.30346266666666,5.462197666666667,0,80,0
"Bakola",15:17:13.4,43.3034625,5.462197833333333,0,80,0
"Bakola",15:17:13.5,43.3034625,5.462197833333333,0,80,0
"Bakola",15:17:13.6,43.303462333333336,5.462197833333333,0,80,0
"Bakola",15:17:13.7,43.303462333333336,5.462197833333333,0,80,0
"Bakola",15:17:13.8,43.303462333333336,5.462197833333333,0,80,0
"Bakola",15:17:13.9,43.30346216666667,5.462198,0,80,0
"Bakola",15:17:14.0,43.303462,5.462198,0,80,0
"Bakola",15:17:14.1,43.303462,5.462198166666667,0,80,0
"Bakola",15:17:14.2,43.30346216666667,5.462198,0,80,0
"Bakola",15:17:14.3,43.30346216666667,5.462198,0,80,0
"Bakola",15:17:14.4,43.303462,5.462198,0,80,0
"Bakola",15:17:14.5,43.303462,5.462198,0,80,0
"Bakola",15:17:14.6,43.303462,5.462198166666667,0,80,0
"Bakola",15:17:14.7,43.30346183333333,5.462198166666667,0,80,0
"Bakola",15:17:14.8,43.303462,5.462198,0,80,0
"Bakola",15:17:14.9,43.30346183333333,5.462198166666667,0,80,0
"Bakola",15:17:15.0,43.30346183333333,5.462198166666667,0,80,0
"Bakola",15:17:15.1,43.30346183333333,5.462198166666667,0,80,0
"Bakola",15:17:15.2,43.30346183333333,5.462198166666667,0,80,0
"Bakola",15:17:15.3,43.30346183333333,5.462198,0,80,0
"Bakola",15:17:15.4,43.30346183333333,5.462198166666667,0,80,0
"Bakola",15:17:15.5,43.30346183333333,5.462198166666667,0,80,0
"Bakola",15:17:15.6,43.30346183333333,5.462198166666667,0,80,0
"Bakola",15:17:15.7,43.30346183333333,5.462198166666667,0,80,0
"Bakola",15:17:15.8,43.30346183333333,5.462198,0,80,0
"Bakola",15:17:15.9,43.30346183333333,5.462198,0,80,0
"Bakola",15:17:16.0,43.30346183333333,5.462198,0,80,0
"Bakola",15:17:16.1,43.30346183333333,5.462198166666667,0,80,0
"Bakola",15:17:16.2,43.30346183333333,5.462198166666667,0,80,0
"Bakola",15:17:16.3,43.30346183333333,5.462198166666667,0,80,0
"Bakola",15:17:16.4,43.30346183333333,5.462198333333333,0,80,0
"Bakola",15:17:16.5,43.303462,5.462198333333333,0,80,0
"Bakola",15:17:16.6,43.303462,5.462198333333333,0,80,0
"Bakola",15:17:16.7,43.303462,5.462198333333333,0,80,0
"Bakola",15:17:16.8,43.303462,5.462198333333333,0,80,0
"Bakola",15:17:16.9,43.303462,5.462198333333333,0,80,0
"Bakola",15:17:17.0,43.303462,5.462198333333333,0,80,0
"Bakola",15:17:17.1,43.303462,5.462198333333333,0,80,0
"Bakola",15:17:17.2,43.303462,5.462198333333333,0,80,0
"Bakola",15:17:17.3,43.303462,5.462198333333333,0,80,0
"Bakola",15:17:17.4,43.303462,5.462198333333333,0,80,0
"Bakola",15:17:17.5,43.30346216666667,5.462198333333333,0,80,0
"Bakola",15:17:17.6,43.30346216666667,5.462198333333333,0,80,0
"Bakola",15:17:17.7,43.30346216666667,5.462198333333333,0,80,0
"Bakola",15:17:17.8,43.30346216666667,5.462198333333333,0,80,0
"Bakola",15:17:17.9,43.30346216666667,5.462198333333333,0,80,0
"Bakola",15:17:18.0,43.30346216666667,5.4621985,0,80,0
"Bakola",15:17:18.1,43.30346216666667,5.4621985,0,80,0
"Bakola",15:17:18.2,43.30346216666667,5.4621985,0,80,0
"Bakola",15:17:18.3,43.303462333333336,5.462198333333333,0,80,0
"Bakola",15:17:18.4,43.303462333333336,5.462198333333333,0,80,0
"Bakola",15:17:18.5,43.303462333333336,5.462198333333333,0,80,0
"Bakola",15:17:18.6,43.3034625,5.462198333333333,0,80,0
"Bakola",15:17:18.7,43.3034625,5.462198333333333,0,80,0
"Bakola",15:17:18.8,43.3034625,5.462198333333333,0,80,0
"Bakola",15:17:18.9,43.3034625,5.462198333333333,0,80,0
"Bakola",15:17:19.0,43.3034625,5.462198333333333,0,80,0
"Bakola",15:17:19.1,43.3034625,5.462198333333333,0,80,0
"Bakola",15:17:19.2,43.30346266666666,5.462198333333333,0,80,0
"Bakola",15:17:19.3,43.30346266666666,5.462198166666667,0,80,0
"Bakola",15:17:19.4,43.30346266666666,5.462198333333333,0,80,0
"Bakola",15:17:19.5,43.30346266666666,5.462198166666667,0,80,0
"Bakola",15:17:19.6,43.303462833333334,5.462198166666667,0,80,0
"Bakola",15:17:19.7,43.303462833333334,5.462198166666667,0,80,0
"Bakola",15:17:19.8,43.303462833333334,5.462198,0,80,0
"Bakola",15:17:19.9,43.303462833333334,5.462198166666667,0,80,0
"Bakola",15:17:20.0,43.303463,5.462198,0,80,0
"Bakola",15:17:20.1,43.303463,5.462198,0,80,0
"Bakola",15:17:20.2,43.303463,5.462197833333333,0,80,0
"Bakola",15:17:20.3,43.303463,5.462198,0,80,0
"Bakola",15:17:20.4,43.30346316666666,5.462197833333333,0,80,0
"Bakola",15:17:20.5,43.30346316666666,5.462197833333333,0,80,0
"Bakola",15:17:20.6,43.30346316666666,5.462197833333333,0,80,0
"Bakola",15:17:20.7,43.30346333333333,5.462197666666667,0,80,0
"Bakola",15:17:20.8,43.30346333333333,5.462197666666667,0,80,0
"Bakola",15:17:20.9,43.3034635,5.462197666666667,0,80,0
"Bakola",15:17:21.0,43.3034635,5.462197666666667,0,80,0
"Bakola",15:17:21.1,43.3034635,5.462197666666667,0,80,0
"Bakola",15:17:21.2,43.3034635,5.462197666666667,0,80,0
"Bakola",15:17:21.3,43.303463666666666,5.462197666666667,0,80,0
"Bakola",15:17:21.4,43.303463666666666,5.462197666666667,0,80,0
"Bakola",15:17:21.5,43.303463666666666,5.462197666666667,0,80,0
"Bakola",15:17:21.6,43.30346383333333,5.462197666666667,0,80,0
"Bakola",15:17:21.7,43.30346383333333,5.462197666666667,0,80,0
"Bakola",15:17:21.8,43.30346383333333,5.462197833333333,0,80,0
"Bakola",15:17:21.9,43.30346383333333,5.462197833333333,0,80,0
"Bakola",15:17:22.0,43.303464,5.462197666666667,0,80,0
"Bakola",15:17:22.1,43.303464,5.462197666666667,0,80,0
"Bakola",15:17:22.2,43.303464,5.462197833333333,0,80,0
"Bakola",15:17:22.3,43.303464166666664,5.462197666666667,0,80,0
"Bakola",15:17:22.4,43.303464166666664,5.462197833333333,0,80,0
"Bakola",15:17:22.5,43.303464166666664,5.462197666666667,0,80,0
"Bakola",15:17:22.6,43.303464166666664,5.462197666666667,0,80,0
"Bakola",15:17:22.7,43.303464166666664,5.462197666666667,0,80,0
"Bakola",15:17:22.8,43.30346433333333,5.462197666666667,0,80,0
"Bakola",15:17:22.9,43.30346433333333,5.462197666666667,0,80,0
"Bakola",15:17:23.0,43.30346433333333,5.462197666666667,0,80,0
"Bakola",15:17:23.1,43.30346433333333,5.462197666666667,0,80,0
"Bakola",15:17:23.2,43.30346433333333,5.462197666666667,0,80,0
"Bakola",15:17:23.3,43.3034645,5.462197833333333,0,80,0
"Bakola",15:17:23.4,43.3034645,5.462197833333333,0,80,0
"Bakola",15:17:23.5,43.3034645,5.462197833333333,0,80,0
"Bakola",15:17:23.6,43.3034645,5.462197833333333,0,80,0
"Bakola",15:17:23.7,43.3034645,5.462198,0,80,0
"Bakola",15:17:23.8,43.3034645,5.462198,0,80,0
"Bakola",15:17:23.9,43.30346466666667,5.462198,0,80,0
"Bakola",15:17:24.0,43.3034645,5.462198,0,80,0
"Bakola",15:17:24.1,43.30346466666667,5.462198166666667,0,80,0
"Bakola",15:17:24.2,43.30346466666667,5.462198166666667,0,80,0
"Bakola",15:17:24.3,43.30346466666667,5.462198333333333,0,80,0
"Bakola",15:17:24.4,43.30346466666667,5.462198333333333,0,80,0
"Bakola",15:17:24.5,43.30346466666667,5.462198333333333,0,80,0
"Bakola",15:17:24.6,43.30346466666667,5.4621985,0,80,0
"Bakola",15:17:24.7,43.30346466666667,5.4621985,0,80,0
"Bakola",15:17:24.8,43.30346466666667,5.462198666666667,0,80,0
"Bakola",15:17:24.9,43.30346466666667,5.462198666666667,0,80,0
"Bakola",15:17:25.0,43.30346466666667,5.462198833333334,0,80,0
"Bakola",15:17:25.1,43.30346466666667,5.462198833333334,0,80,0
"Bakola",15:17:25.2,43.30346483333333,5.462198833333334,0,80,0
"Bakola",15:17:25.3,43.30346483333333,5.462199,0,80,0
"Bakola",15:17:25.4,43.30346483333333,5.462199166666666,0,80,0
"Bakola",15:17:25.5,43.30346483333333,5.462199166666666,0,80,0
"Bakola",15:17:25.6,43.30346483333333,5.462199333333333,0,80,0
"Bakola",15:17:25.7,43.30346483333333,5.462199333333333,0,80,0
"Bakola",15:17:25.8,43.30346483333333,5.462199333333333,0,80,0
"Bakola",15:17:25.9,43.30346483333333,5.4621995,0,80,0
"Bakola",15:17:26.0,43.303465,5.4621995,0,80,0
"Bakola",15:17:26.1,43.30346483333333,5.462199666666667,0,80,0
"Bakola",15:17:26.2,43.303465,5.462199666666667,0,80,0
"Bakola",15:17:26.3,43.303465,5.462199666666667,0,80,0
"Bakola",15:17:26.4,43.303465,5.462199833333334,0,80,0
"Bakola",15:17:26.5,43.303465,5.462199833333334,0,80,0
"Bakola",15:17:26.6,43.303465,5.4622,0,80,0
"Bakola",15:17:26.7,43.303465,5.4622,0,80,0
"Bakola",15:17:26.8,43.303465,5.462200166666667,0,80,0
"Bakola",15:17:26.9,43.303465,5.462200166666667,0,80,0
"Bakola",15:17:27.0,43.303465,5.4622003333333335,0,80,0
"Bakola",15:17:27.1,43.303465,5.4622005,0,80,0
"Bakola",15:17:27.2,43.303465,5.4622005,0,80,0
"Bakola",15:17:27.3,43.303465,5.4622005,0,80,0
"Bakola",15:17:27.4,43.303465,5.462200666666667,0,80,0
"Bakola",15:17:27.5,43.303465,5.462200666666667,0,80,0
"Bakola",15:17:27.6,43.303465,5.462200666666667,0,80,0
"Bakola",15:17:27.7,43.303465,5.462200833333333,0,80,0
"Bakola",15:17:27.8,43.303465,5.462200833333333,0,80,0
"Bakola",15:17:27.9,43.303465,5.462200833333333,0,80,0
"Bakola",15:17:28.0,43.303465,5.462201,0,80,0
"Bakola",15:17:28.1,43.303465,5.462201,0,80,0
"Bakola",15:17:28.2,43.303465,5.462201166666667,0,80,0
"Bakola",15:17:28.3,43.303465,5.462201,0,80,0
"Bakola",15:17:28.4,43.303465,5.462201166666667,0,80,0
"Bakola",15:17:28.5,43.303465,5.462201333333334,0,80,0
"Bakola",15:17:28.6,43.303465,5.462201333333334,0,80,0
"Bakola",15:17:28.7,43.303465,5.462201333333334,0,80,0
"Bakola",15:17:28.8,43.303465,5.4622015,0,80,0
"Bakola",15:17:28.9,43.303465,5.4622015,0,80,0
"Bakola",15:17:29.0,43.303465,5.4622015,0,80,0
"Bakola",15:17:29.1,43.303465,5.462201666666666,0,80,0
"Bakola",15:17:29.2,43.303465,5.462201666666666,0,80,0
"Bakola",15:17:29.3,43.303465,5.462201666666666,0,80,0
"Bakola",15:17:29.4,43.303465,5.462201666666666,0,80,0
"Bakola",15:17:29.5,43.303465,5.462201666666666,0,80,0
"Bakola",15:17:29.6,43.303465,5.462201833333333,0,80,0
"Bakola",15:17:29.7,43.303465,5.462201833333333,0,80,0
"Bakola",15:17:29.8,43.303465,5.462201833333333,0,80,0
"Bakola",15:17:29.9,43.303465,5.462201833333333,0,80,0
"Bakola",15:17:30.0,43.303465,5.462202,0,80,0
"Bakola",15:17:30.1,43.303465,5.462202,0,80,0
"Bakola",15:17:30.2,43.303465,5.462202,0,80,0
"Bakola",15:17:30.3,43.303465,5.462202166666667,0,80,0
"Bakola",15:17:30.4,43.30346483333333,5.462202166666667,0,80,0
"Bakola",15:17:30.5,43.303465,5.462202166666667,0,80,0
"Bakola",15:17:30.6,43.303465,5.462202333333334,0,80,0
"Bakola",15:17:30.7,43.303465,5.462202333333334,0,80,0
"Bakola",15:17:30.8,43.30346483333333,5.4622025,0,80,0
"Bakola",15:17:30.9,43.30346483333333,5.4622025,0,80,0
"Bakola",15:17:31.0,43.30346483333333,5.4622025,0,80,0
"Bakola",15:17:31.1,43.30346483333333,5.4622025,0,80,0
"Bakola",15:17:31.2,43.30346483333333,5.462202666666667,0,80,0
"Bakola",15:17:31.3,43.30346483333333,5.462202833333334,0,80,0
"Bakola",15:17:31.4,43.30346483333333,5.462202833333334,0,80,0
"Bakola",15:17:31.5,43.30346483333333,5.462202833333334,0,80,0
"Bakola",15:17:31.6,43.30346483333333,5.462203,0,80,0
"Bakola",15:17:31.7,43.30346483333333,5.462203,0,80,0
"Bakola",15:17:31.8,43.30346483333333,5.462203166666667,0,80,0
"Bakola",15:17:31.9,43.30346483333333,5.462203166666667,0,80,0
"Bakola",15:17:32.0,43.30346483333333,5.462203333333333,0,80,0
"Bakola",15:17:32.1,43.30346483333333,5.462203333333333,0,80,0
"Bakola",15:17:32.2,43.30346483333333,5.4622035,0,80,0
"Bakola",15:17:32.3,43.30346483333333,5.4622035,0,80,0
"Bakola",15:17:32.4,43.30346483333333,5.4622035,0,80,0
"Bakola",15:17:32.5,43.30346466666667,5.462203666666667,0,80,0
"Bakola",15:17:32.6,43.30346466666667,5.462203833333334,0,80,0
"Bakola",15:17:32.7,43.30346466666667,5.462203833333334,0,80,0
"Bakola",15:17:32.8,43.30346466666667,5.462203833333334,0,80,0
"Bakola",15:17:32.9,43.30346466666667,5.462204,0,80,0
"Bakola",15:17:33.0,43.30346466666667,5.462204166666667,0,80,0
"Bakola",15:17:33.1,43.30346466666667,5.462204166666667,0,80,0
"Bakola",15:17:33.2,43.30346466666667,5.462204166666667,0,80,0
"Bakola",15:17:33.3,43.30346466666667,5.462204333333333,0,80,0
"Bakola",15:17:33.4,43.30346466666667,5.462204333333333,0,80,0
"Bakola",15:17:33.5,43.3034645,5.4622045,0,80,0
"Bakola",15:17:33.6,43.30346466666667,5.4622045,0,80,0
"Bakola",15:17:33.7,43.3034645,5.462204666666667,0,80,0
"Bakola",15:17:33.8,43.3034645,5.462204833333334,0,80,0
"Bakola",15:17:33.9,43.3034645,5.462204833333334,0,80,0
"Bakola",15:17:34.0,43.3034645,5.462204833333334,0,80,0
"Bakola",15:17:34.1,43.3034645,5.462205,0,80,0
"Bakola",15:17:34.2,43.3034645,5.462205,0,80,0
"Bakola",15:17:34.3,43.3034645,5.462205166666667,0,80,0
"Bakola",15:17:34.4,43.3034645,5.462205166666667,0,80,0
"Bakola",15:17:34.5,43.3034645,5.462205333333334,0,80,0
"Bakola",15:17:34.6,43.3034645,5.462205333333334,0,80,0
"Bakola",15:17:34.7,43.30346433333333,5.4622055,0,80,0
"Bakola",15:17:34.8,43.30346433333333,5.4622055,0,80,0
"Bakola",15:17:34.9,43.30346433333333,5.462205666666667,0,80,0
"Bakola",15:17:35.0,43.30346433333333,5.462205833333333,0,80,0
"Bakola",15:17:35.1,43.30346433333333,5.462205833333333,0,80,0
"Bakola",15:17:35.2,43.30346433333333,5.462206,0,80,0
"Bakola",15:17:35.3,43.30346433333333,5.462206166666667,0,80,0
"Bakola",15:17:35.4,43.303464166666664,5.462206166666667,0,80,0
"Bakola",15:17:35.5,43.303464166666664,5.4622065,0,80,0
"Bakola",15:17:35.6,43.303464166666664,5.462206666666667,0,80,0
"Bakola",15:17:35.7,43.303464166666664,5.462206833333333,0,80,0
"Bakola",15:17:35.8,43.303464166666664,5.462207,0,80,0
"Bakola",15:17:35.9,43.303464166666664,5.4622071666666665,0,80,0
"Bakola",15:17:36.0,43.303464,5.4622071666666665,0,80,0
"Bakola",15:17:36.1,43.30346383333333,5.4622071666666665,0,80,0
"Bakola",15:17:36.2,43.30346383333333,5.462207333333334,0,80,0
"Bakola",15:17:36.3,43.303463666666666,5.4622075,0,80,0
"Bakola",15:17:36.4,43.303463666666666,5.4622075,0,80,0
"Bakola",15:17:36.5,43.303463666666666,5.462207666666667,0,80,0
"Bakola",15:17:36.6,43.303463666666666,5.462207833333334,0,80,0
"Bakola",15:17:36.7,43.303463666666666,5.462208,0,80,0
"Bakola",15:17:36.8,43.303463666666666,5.462208166666667,0,80,0
"Bakola",15:17:36.9,43.303463666666666,5.462208333333334,0,80,0
"Bakola",15:17:37.0,43.3034635,5.4622085,0,80,0
"Bakola",15:17:37.1,43.303463666666666,5.462208666666667,0,80,0
"Bakola",15:17:37.2,43.3034635,5.462208666666667,0,80,0
"Bakola",15:17:37.3,43.3034635,5.462208833333333,0,80,0
"Bakola",15:17:37.4,43.3034635,5.462209,0,80,0
"Bakola",15:17:37.5,43.30346333333333,5.462209166666668,0,80,0
"Bakola",15:17:37.6,43.30346333333333,5.462209333333333,0,80,0
"Bakola",15:17:37.7,43.30346333333333,5.462209333333333,0,80,0
"Bakola",15:17:37.8,43.30346333333333,5.4622095,0,80,0
"Bakola",15:17:37.9,43.30346316666666,5.462209666666666,0,80,0
"Bakola",15:17:38.0,43.30346316666666,5.462209666666666,0,80,0
"Bakola",15:17:38.1,43.30346316666666,5.46221,0,80,0
"Bakola",15:17:38.2,43.30346333333333,5.46221,0,80,0
"Bakola",15:17:38.3,43.30346333333333,5.462210166666667,0,80,0
"Bakola",15:17:38.4,43.3034635,5.462210166666667,0,80,0
"Bakola",15:17:38.5,43.3034635,5.462210166666667,0,80,0
"Bakola",15:17:38.6,43.303463666666666,5.462210166666667,0,80,0
"Bakola",15:17:38.7,43.303464,5.462210333333334,0,80,0
"Bakola",15:17:38.8,43.30346433333333,5.4622105,0.3750003,80,3.750003
"Bakola",15:17:38.9,43.30346483333333,5.462210833333334,0.50555596,80,1.3055566
"Bakola",15:17:39.0,43.30346516666667,5.4622106666666665,0.39166698,80,1.1388898000000003
"Bakola",15:17:39.1,43.303465833333334,5.462210833333334,0.60000048,80,2.0833349999999995
"Bakola",15:17:39.2,43.30346616666666,5.462211,0.55833378,80,0.41666699999999945
"Bakola",15:17:39.3,43.303466666666665,5.462211,0.5000004,80,0.5833337999999999
"Bakola",15:17:39.4,43.303467166666664,5.462211333333333,0.56666712,80,0.6666671999999996
"Bakola",15:17:39.5,43.3034675,5.462211166666667,0.31666692,80,2.5000019999999994
"Bakola",15:17:39.6,43.30346766666666,5.462211,0,80,3.1666692
"Bakola",15:17:39.7,43.303468,5.462210833333334,0.3750003,80,3.750003
"Bakola",15:17:39.8,43.303468,5.462210166666667,0.4583337,80,0.833334
"Bakola",15:17:39.9,43.303468,5.4622095,0.50277818,80,0.44444479999999953
"Bakola",15:17:40.0,43.30346816666667,5.462209,0.46944482,80,0.3333335999999998
"Bakola",15:17:40.1,43.30346833333333,5.4622085,0.5277782,80,0.5833337999999999
"Bakola",15:17:40.2,43.30346833333333,5.462207833333334,0.48888928,80,0.38888919999999993
"Bakola",15:17:40.3,43.30346866666667,5.462207333333334,0.48055594,80,0.08333339999999967
"Bakola",15:17:40.4,43.30346866666667,5.462207333333334,0,80,4.8055594
"Bakola",15:17:40.5,43.303469,5.462207333333334,0.32777804,80,3.2777803999999997
"Bakola",15:17:40.6,43.30346966666667,5.4622075,0.50833374,80,1.8055569999999999
"Bakola",15:17:40.7,43.30347,5.462208,0.56666712,80,0.5833337999999999
"Bakola",15:17:40.8,43.30347033333334,5.462208333333334,0.50833374,80,0.5833337999999999
"Bakola",15:17:40.9,43.303471,5.462208666666667,0.6805561,80,1.7222236000000002
"Bakola",15:17:41.0,43.30347133333333,5.462209333333333,0.66388942,80,0.16666680000000045
"Bakola",15:17:41.1,43.30347183333333,5.462209666666666,0.53611154,80,1.277778799999999
"Bakola",15:17:41.2,43.303472166666666,5.46221,0.55833378,80,0.2222223999999995
"Bakola",15:17:41.3,43.30347233333333,5.46221,0,80,5.5833378
"Bakola",15:17:41.4,43.30347233333333,5.46221,0,80,0
"Bakola",15:17:41.5,43.3034725,5.46221,0,80,0
"Bakola",15:17:41.6,43.3034725,5.4622098333333335,0,80,0
"Bakola",15:17:41.7,43.3034725,5.4622095,0,80,0
"Bakola",15:17:41.8,43.30347233333333,5.462209,0.35277806,80,3.5277806
"Bakola",15:17:41.9,43.303472166666666,5.462208833333333,0.32777804,80,0.2500002000000001
"Bakola",15:17:42.0,43.30347183333333,5.462208166666667,0.50277818,80,1.7500013999999997
"Bakola",15:17:42.1,43.3034715,5.462208,0.4444448,80,0.5833337999999999
"Bakola",15:17:42.2,43.30347116666667,5.462207666666667,0.37777808,80,0.6666671999999996
"Bakola",15:17:42.3,43.303470833333336,5.462207333333334,0.4861115,80,1.0833341999999995
"Bakola",15:17:42.4,43.30347066666666,5.462207,0.41388922,80,0.7222227999999997
"Bakola",15:17:42.5,43.3034705,5.462207,0,80,4.1388922
"Bakola",15:17:42.6,43.30347033333334,5.462206833333333,0,80,0
"Bakola",15:17:42.7,43.30347016666666,5.462207,0,80,0
"Bakola",15:17:42.8,43.30347016666666,5.4622075,0.36944474,80,3.6944473999999996
"Bakola",15:17:42.9,43.30347,5.462208333333334,0.62222272,80,2.5277798
"Bakola",15:17:43.0,43.30347016666666,5.462209,0.57222268,80,0.5000004000000002
"Bakola",15:17:43.1,43.30347033333334,5.462209666666666,0.555556,80,0.16666679999999934
"Bakola",15:17:43.2,43.30347033333334,5.462210333333334,0.52222264,80,0.3333336000000009
"Bakola",15:17:43.3,43.3034705,5.462211,0.53055598,80,0.08333340000000078
"Bakola",15:17:43.4,43.3034705,5.4622115,0.4305559,80,1.0000008000000005
"Bakola",15:17:43.5,43.3034705,5.462211666666668,0,80,4.305559
"Bakola",15:17:43.6,43.30347033333334,5.462211666666668,0,80,0
"Bakola",15:17:43.7,43.30346983333333,5.462211833333334,0.35555584,80,3.5555584
"Bakola",15:17:43.8,43.3034695,5.462211666666668,0.45000036,80,0.9444451999999998
"Bakola",15:17:43.9,43.30346883333333,5.4622115,0.60555604,80,1.5555567999999997
"Bakola",15:17:44.0,43.30346866666667,5.462211,0.45000036,80,1.5555567999999997
"Bakola",15:17:44.1,43.30346816666667,5.462210833333334,0.47500038,80,0.2500002000000001
"Bakola",15:17:44.2,43.30346766666666,5.4622106666666665,0.53333376,80,0.5833337999999999
"Bakola",15:17:44.3,43.30346733333334,5.4622106666666665,0.416667,80,1.1666675999999998
"Bakola",15:17:44.4,43.303467,5.4622106666666665,0,80,4.16667
"Bakola",15:17:44.5,43.30346683333334,5.4622106666666665,0.30277802,80,3.0277801999999996
"Bakola",15:17:44.6,43.3034665,5.462210833333334,0.3472225,80,0.4444448000000001
"Bakola",15:17:44.7,43.30346633333333,5.462211333333333,0,80,3.472225
"Bakola",15:17:44.8,43.30346633333333,5.462211833333334,0.36388918,80,3.6388917999999997
"Bakola",15:17:44.9,43.30346633333333,5.462212166666666,0,80,3.6388917999999997
"Bakola",15:17:45.0,43.30346616666666,5.4622123333333334,0,80,0
"Bakola",15:17:45.1,43.30346616666666,5.462212666666667,0,80,0
"Bakola",15:17:45.2,43.303466,5.462212833333334,0,80,0
"Bakola",15:17:45.3,43.303466,5.462212666666667,0,80,0
"Bakola",15:17:45.4,43.303466,5.4622125,0,80,0
"Bakola",15:17:45.5,43.303465833333334,5.4622125,0,80,0
"Bakola",15:17:45.6,43.30346566666667,5.4622123333333334,0,80,0
"Bakola",15:17:45.7,43.3034655,5.462212,0.31666692,80,3.1666692
"Bakola",15:17:45.8,43.3034655,5.462211833333334,0,80,3.1666692
"Bakola",15:17:45.9,43.3034655,5.4622115,0,80,0
"Bakola",15:17:46.0,43.303465333333335,5.462211333333333,0,80,0
"Bakola",15:17:46.1,43.303465333333335,5.462211333333333,0,80,0
"Bakola",15:17:46.2,43.303465333333335,5.462211166666667,0,80,0
"Bakola",15:17:46.3,43.303465333333335,5.462211,0,80,0
"Bakola",15:17:46.4,43.303465333333335,5.462210833333334,0,80,0
"Bakola",15:17:46.5,43.303465333333335,5.4622106666666665,0,80,0
"Bakola",15:17:46.6,43.303465333333335,5.462210333333334,0,80,0
"Bakola",15:17:46.7,43.3034655,5.462210333333334,0,80,0
"Bakola",15:17:46.8,43.30346566666667,5.4622105,0,80,0
"Bakola",15:17:46.9,43.303465833333334,5.462210833333334,0,80,0
"Bakola",15:17:47.0,43.303466,5.462211,0,80,0
"Bakola",15:17:47.1,43.303466,5.4622115,0.32500026,80,3.2500025999999997
"Bakola",15:17:47.2,43.30346616666666,5.462211666666668,0,80,3.2500025999999997
"Bakola",15:17:47.3,43.30346633333333,5.462212,0,80,0
"Bakola",15:17:47.4,43.3034665,5.4622123333333334,0.32222248,80,3.2222248
"Bakola",15:17:47.5,43.303466666666665,5.462212666666667,0.32777804,80,0.05555560000000015
"Bakola",15:17:47.6,43.30346683333334,5.462213,0.32777804,80,0
"Bakola",15:17:47.7,43.30346683333334,5.4622131666666665,0,80,3.2777803999999997
"Bakola",15:17:47.8,43.30346683333334,5.4622131666666665,0,80,0
"Bakola",15:17:47.9,43.30346683333334,5.462213,0,80,0
"Bakola",15:17:48.0,43.30346683333334,5.462213,0,80,0
"Bakola",15:17:48.1,43.30346683333334,5.462213,0,80,0
"Bakola",15:17:48.2,43.303466666666665,5.462212833333334,0,80,0
"Bakola",15:17:48.3,43.3034665,5.462212666666667,0,80,0
"Bakola",15:17:48.4,43.303466,5.4622125,0.4583337,80,4.583337
"Bakola",15:17:48.5,43.303465833333334,5.462211833333334,0.5416671,80,0.8333339999999995
"Bakola",15:17:48.6,43.303465833333334,5.462211333333333,0.43888924,80,1.0277785999999993
"Bakola",15:17:48.7,43.30346566666667,5.462210833333334,0.3472225,80,0.9166674000000002
"Bakola",15:17:48.8,43.3034655,5.462210833333334,0,80,3.472225
"Bakola",15:17:48.9,43.3034655,5.4622106666666665,0,80,0
"Bakola",15:17:49.0,43.3034655,5.4622105,0,80,0
"Bakola",15:17:49.1,43.3034655,5.462210333333334,0,80,0
"Bakola",15:17:49.2,43.303465333333335,5.4622106666666665,0,80,0
"Bakola",15:17:49.3,43.303465333333335,5.462211166666667,0.36388918,80,3.6388917999999997
"Bakola",15:17:49.4,43.3034655,5.4622115,0.33611138,80,0.27777799999999964
"Bakola",15:17:49.5,43.303465333333335,5.462212,0.40000032,80,0.6388894
"Bakola",15:17:49.6,43.30346566666667,5.4622125,0.44722258,80,0.4722225999999996
"Bakola",15:17:49.7,43.303465833333334,5.462212833333334,0.36944474,80,0.7777783999999999
"Bakola",15:17:49.8,43.303466,5.462213333333334,0.47500038,80,1.0555564
"Bakola",15:17:49.9,43.30346633333333,5.462213666666667,0.41388922,80,0.6111116
"Bakola",15:17:50.0,43.30346633333333,5.462213833333333,0,80,4.1388922
"Bakola",15:17:50.1,43.30346633333333,5.462213833333333,0,80,0
"Bakola",15:17:50.2,43.30346616666666,5.462213666666667,0,80,0
"Bakola",15:17:50.3,43.303466,5.462213333333334,0.33888916,80,3.3888916
"Bakola",15:17:50.4,43.3034655,5.462213,0.46944482,80,1.3055565999999996
"Bakola",15:17:50.5,43.303465333333335,5.4622125,0.42222256,80,0.4722225999999996
"Bakola",15:17:50.6,43.303465,5.4622123333333334,0.34166694,80,0.8055562000000005
"Bakola",15:17:50.7,43.30346466666667,5.462212166666666,0.36666696,80,0.2500002000000001
"Bakola",15:17:50.8,43.30346466666667,5.462212,0,80,3.6666695999999996
"Bakola",15:17:50.9,43.3034645,5.462211833333334,0,80,0
"Bakola",15:17:51.0,43.3034645,5.462211833333334,0,80,0
"Bakola",15:17:51.1,43.30346466666667,5.4622123333333334,0,80,0
"Bakola",15:17:51.2,43.30346466666667,5.4622125,0,80,0
"Bakola",15:17:51.3,43.30346483333333,5.462212833333334,0,80,0
"Bakola",15:17:51.4,43.303465,5.462213,0.30277802,80,3.0277801999999996
"Bakola",15:17:51.5,43.303465,5.4622135,0.30000024,80,0.027777800000000075
"Bakola",15:17:51.6,43.30346516666667,5.462213666666667,0,80,3.0000023999999996
"Bakola",15:17:51.7,43.303465333333335,5.462213666666667,0,80,0
"Bakola",15:17:51.8,43.303465333333335,5.462213833333333,0,80,0
"Bakola",15:17:51.9,43.303465333333335,5.462213833333333,0,80,0
"Bakola",15:17:52.0,43.30346516666667,5.462213833333333,0,80,0
"Bakola",15:17:52.1,43.30346516666667,5.462213833333333,0,80,0
"Bakola",15:17:52.2,43.303465,5.462213833333333,0,80,0
"Bakola",15:17:52.3,43.30346483333333,5.462213833333333,0,80,0
"Bakola",15:17:52.4,43.30346483333333,5.462213833333333,0,80,0
"Bakola",15:17:52.5,43.30346466666667,5.462213833333333,0,80,0
"Bakola",15:17:52.6,43.30346466666667,5.462213833333333,0,80,0
"Bakola",15:17:52.7,43.30346466666667,5.462213833333333,0,80,0
"Bakola",15:17:52.8,43.30346466666667,5.462213833333333,0,80,0
"Bakola",15:17:52.9,43.30346466666667,5.462213833333333,0,80,0
"Bakola",15:17:53.0,43.30346466666667,5.462213833333333,0,80,0
"Bakola",15:17:53.1,43.30346466666667,5.462214,0,80,0
"Bakola",15:17:53.2,43.30346466666667,5.462214,0,80,0
"Bakola",15:17:53.3,43.30346466666667,5.4622141666666675,0,80,0
"Bakola",15:17:53.4,43.30346466666667,5.462214,0,80,0
"Bakola",15:17:53.5,43.30346466666667,5.462214,0,80,0
"Bakola",15:17:53.6,43.30346466666667,5.4622141666666675,0,80,0
"Bakola",15:17:53.7,43.30346466666667,5.4622141666666675,0,80,0
"Bakola",15:17:53.8,43.30346466666667,5.4622141666666675,0,80,0
"Bakola",15:17:53.9,43.30346466666667,5.4622141666666675,0,80,0
"Bakola",15:17:54.0,43.30346466666667,5.462214,0,80,0
"Bakola",15:17:54.1,43.30346466666667,5.462214,0,80,0
"Bakola",15:17:54.2,43.30346466666667,5.462214,0,80,0
"Bakola",15:17:54.3,43.30346466666667,5.462214,0,80,0
"Bakola",15:17:54.4,43.30346466666667,5.462213833333333,0,80,0
"Bakola",15:17:54.5,43.30346466666667,5.462213833333333,0,80,0
"Bakola",15:17:54.6,43.30346466666667,5.462213833333333,0,80,0
"Bakola",15:17:54.7,43.30346466666667,5.462213833333333,0,80,0
"Bakola",15:17:54.8,43.30346483333333,5.462213833333333,0,80,0
"Bakola",15:17:54.9,43.30346483333333,5.462213833333333,0,80,0
"Bakola",15:17:55.0,43.30346483333333,5.462213666666667,0,80,0
"Bakola",15:17:55.1,43.30346483333333,5.462213666666667,0,80,0
"Bakola",15:17:55.2,43.30346483333333,5.462213666666667,0,80,0
"Bakola",15:17:55.3,43.30346483333333,5.462213666666667,0,80,0
"Bakola",15:17:55.4,43.30346483333333,5.4622135,0,80,0
"Bakola",15:17:55.5,43.30346483333333,5.4622135,0,80,0
"Bakola",15:17:55.6,43.30346483333333,5.4622135,0,80,0
"Bakola",15:17:55.7,43.30346483333333,5.4622135,0,80,0
"Bakola",15:17:55.8,43.30346483333333,5.462213333333334,0,80,0
"Bakola",15:17:55.9,43.30346483333333,5.462213333333334,0,80,0
"Bakola",15:17:56.0,43.30346483333333,5.462213333333334,0,80,0
"Bakola",15:17:56.1,43.30346483333333,5.4622131666666665,0,80,0
"Bakola",15:17:56.2,43.30346483333333,5.4622131666666665,0,80,0
"Bakola",15:17:56.3,43.30346483333333,5.4622131666666665,0,80,0
"Bakola",15:17:56.4,43.303465,5.462213,0,80,0
"Bakola",15:17:56.5,43.303465,5.462213,0,80,0
"Bakola",15:17:56.6,43.30346483333333,5.462213,0,80,0
"Bakola",15:17:56.7,43.303465,5.462213,0,80,0
"Bakola",15:17:56.8,43.303465,5.462213,0,80,0
"Bakola",15:17:56.9,43.303465,5.462213,0,80,0
"Bakola",15:17:57.0,43.303465,5.462213,0,80,0
"Bakola",15:17:57.1,43.303465,5.462213,0,80,0
"Bakola",15:17:57.2,43.30346483333333,5.462213,0,80,0
"Bakola",15:17:57.3,43.303465,5.462213,0,80,0
"Bakola",15:17:57.4,43.303465,5.462213,0,80,0
"Bakola",15:17:57.5,43.303465,5.462213,0,80,0
"Bakola",15:17:57.6,43.303465,5.462212833333334,0,80,0
"Bakola",15:17:57.7,43.30346483333333,5.462213,0,80,0
"Bakola",15:17:57.8,43.30346483333333,5.462212833333334,0,80,0
"Bakola",15:17:57.9,43.30346483333333,5.462212833333334,0,80,0
"Bakola",15:17:58.0,43.30346466666667,5.462212833333334,0,80,0
"Bakola",15:17:58.1,43.30346466666667,5.462212833333334,0,80,0
"Bakola",15:17:58.2,43.3034645,5.4622125,0,80,0
"Bakola",15:17:58.3,43.3034645,5.462212166666666,0,80,0
"Bakola",15:17:58.4,43.30346466666667,5.462212,0,80,0
"Bakola",15:17:58.5,43.3034645,5.4622115,0,80,0
"Bakola",15:17:58.6,43.30346466666667,5.462211,0.35000028,80,3.5000028
"Bakola",15:17:58.7,43.30346466666667,5.4622105,0.4722226,80,1.2222232
"Bakola",15:17:58.8,43.303465,5.4622098333333335,0.53333376,80,0.6111116
"Bakola",15:17:58.9,43.303465333333335,5.462209666666666,0.44722258,80,0.8611118000000001
"Bakola",15:17:59.0,43.303466,5.4622095,0.61388938,80,1.6666680000000005
"Bakola",15:17:59.1,43.3034665,5.4622095,0.64444496,80,0.30555579999999916
"Bakola",15:17:59.2,43.303467166666664,5.462209666666666,0.66944498,80,0.2500002000000001
"Bakola",15:17:59.3,43.30346766666666,5.4622098333333335,0.61666716,80,0.5277781999999998
"Bakola",15:17:59.4,43.30346816666667,5.46221,0.53055598,80,0.8611117999999995
"Bakola",15:17:59.5,43.3034685,5.4622095,0.52500042,80,0.05555560000000015
"Bakola",15:17:59.6,43.303469,5.462208666666667,0.74722282,80,2.2222239999999993
"Bakola",15:17:59.7,43.303469166666666,5.462208,0.65833386,80,0.8888895999999991
"Bakola",15:17:59.8,43.30346933333333,5.462206833333333,0.78888952,80,1.3055565999999996
"Bakola",15:17:59.9,43.30346966666667,5.462206166666667,0.64444496,80,1.4444456000000006
"Bakola",15:18:00.0,43.30346983333333,5.462205666666667,0.59166714,80,0.5277781999999998
"Bakola",15:18:00.1,43.30347016666666,5.462205,0.64166718,80,0.5000004000000002
"Bakola",15:18:00.2,43.3034705,5.4622045,0.68333388,80,0.41666699999999945
"Bakola",15:18:00.3,43.303471,5.4622035,0.80277842,80,1.1944454000000004
"Bakola",15:18:00.4,43.30347166666667,5.462202666666667,0.92500074,80,1.2222232
"Bakola",15:18:00.5,43.30347233333333,5.462202166666667,0.80000064,80,1.2500009999999995
"Bakola",15:18:00.6,43.30347283333333,5.4622015,0.80277842,80,0.02777779999999952
"Bakola",15:18:00.7,43.303473333333336,5.462201166666667,0.71111168,80,0.9166673999999997
"Bakola",15:18:00.8,43.30347366666666,5.4622005,0.59444492,80,1.1666675999999998
"Bakola",15:18:00.9,43.303474,5.4622,0.60555604,80,0.11111119999999919
"Bakola",15:18:01.0,43.303474333333334,5.462199,0.75555616,80,1.5000012000000007
"Bakola",15:18:01.1,43.303474333333334,5.462198,0.80277842,80,0.4722225999999996
"Bakola",15:18:01.2,43.30347416666666,5.462197,0.9166674,80,1.1388898000000003
"Bakola",15:18:01.3,43.303474,5.462195833333333,0.95555632,80,0.38888919999999993
"Bakola",15:18:01.4,43.303474,5.462194666666667,0.85555624,80,1.0000008000000005
"Bakola",15:18:01.5,43.303474,5.4621935,0.93333408,80,0.7777783999999999
"Bakola",15:18:01.6,43.30347416666666,5.462192666666668,0.71111168,80,2.2222239999999993
"Bakola",15:18:01.7,43.303474333333334,5.462192166666667,0.5000004,80,2.1111128
"Bakola",15:18:01.8,43.303474666666666,5.462191333333334,0.67500054,80,1.7500013999999997
"Bakola",15:18:01.9,43.303475166666665,5.462190666666666,0.7222228,80,0.4722226000000007
"Bakola",15:18:02.0,43.3034755,5.462190166666667,0.66388942,80,0.583333800000001
"Bakola",15:18:02.1,43.303476,5.462189833333333,0.62777828,80,0.3611113999999993
"Bakola",15:18:02.2,43.30347616666667,5.462189,0.58888936,80,0.38888919999999993
"Bakola",15:18:02.3,43.303476333333336,5.4621881666666665,0.694445,80,1.0555563999999995
"Bakola",15:18:02.4,43.30347666666667,5.4621873333333335,0.71388946,80,0.19444459999999997
"Bakola",15:18:02.5,43.30347666666667,5.462186,0.91944518,80,2.0555572
"Bakola",15:18:02.6,43.3034765,5.462184833333334,0.972223,80,0.5277781999999998
"Bakola",15:18:02.7,43.3034765,5.4621838333333335,0.83888956,80,1.3333343999999991
"Bakola",15:18:02.8,43.30347666666667,5.462183166666667,0.65833386,80,1.8055569999999999
"Bakola",15:18:02.9,43.303476833333335,5.462183,0.31388914,80,3.4444472000000004
"Bakola",15:18:03.0,43.30347733333333,5.462183333333334,0.39166698,80,0.7777783999999999
"Bakola",15:18:03.1,43.30347733333333,5.462184,0.53333376,80,1.4166678
"Bakola",15:18:03.2,43.30347783333334,5.462184833333334,0.82777844,80,2.9444468
"Bakola",15:18:03.3,43.303478166666665,5.462185666666667,0.8055562,80,0.2222224000000006
"Bakola",15:18:03.4,43.30347883333333,5.462186166666667,0.82222288,80,0.16666680000000045
"Bakola",15:18:03.5,43.3034795,5.462186666666667,0.89444516,80,0.7222227999999997
"Bakola",15:18:03.6,43.30348033333333,5.462187166666667,0.99166746,80,0.9722229999999998
"Bakola",15:18:03.7,43.30348166666666,5.4621873333333335,1.19722318,80,2.0555572
"Bakola",15:18:03.8,43.30348266666667,5.462187166666667,1.20555652,80,0.08333340000000078
"Bakola",15:18:03.9,43.30348366666667,5.4621873333333335,1.08888976,80,1.1666675999999998
"Bakola",15:18:04.0,43.303484166666664,5.462188,0.90000072,80,1.8888904000000006
"Bakola",15:18:04.1,43.30348466666666,5.462188833333334,0.96388966,80,0.6388894
"Bakola",15:18:04.2,43.30348516666666,5.462189833333333,1.03611194,80,0.7222228000000008
"Bakola",15:18:04.3,43.3034855,5.462191333333334,1.31388994,80,2.7777799999999986
"Bakola",15:18:04.4,43.303486166666666,5.462193,1.4166678,80,1.0277786
"Bakola",15:18:04.5,43.30348683333333,5.462194,1.22500098,80,1.9166682000000002
"Bakola",15:18:04.6,43.30348733333334,5.462195,1.08611198,80,1.3888899999999982
"Bakola",15:18:04.7,43.303488,5.462195333333333,0.93333408,80,1.5277790000000013
"Bakola",15:18:04.8,43.303489166666665,5.4621968333333335,1.40000112,80,4.6666704
"Bakola",15:18:04.9,43.30349016666667,5.462197166666667,1.07500086,80,3.2500025999999993
"Bakola",15:18:05.0,43.30349183333333,5.4621975,1.70000136,80,0
"Bakola",15:18:05.1,43.303493833333334,5.462197833333333,1.9722238,80,2.7222244000000018
"Bakola",15:18:05.2,43.303495166666664,5.462198,1.6250013,80,3.472225
"Bakola",15:18:05.3,43.303495833333336,5.4621985,1.250001,80,3.7500030000000018
"Bakola",15:18:05.4,43.3034965,5.462199,1.10555644,80,1.4444455999999994
"Bakola",15:18:05.5,43.303497,5.4621995,0.75277838,80,3.5277806
"Bakola",15:18:05.6,43.303497166666666,5.462199833333334,0.50277818,80,2.500002
"Bakola",15:18:05.7,43.30349683333333,5.462200833333333,0.86388958,80,3.6111140000000006
"Bakola",15:18:05.8,43.30349616666666,5.462201333333334,0.78611174,80,0.777778400000001
"Bakola",15:18:05.9,43.30349566666666,5.462200833333333,0.55000044,80,2.361112999999999
"Bakola",15:18:06.0,43.30349533333334,5.4622003333333335,0.60277826,80,0.5277781999999998
"Bakola",15:18:06.1,43.30349483333333,5.462199833333334,0.73888948,80,1.3611121999999998
"Bakola",15:18:06.2,43.30349416666667,5.462199333333333,0.74166726,80,0.02777780000000063
"Bakola",15:18:06.3,43.303493833333334,5.4621985,0.64166718,80,1.0000008000000005
"Bakola",15:18:06.4,43.3034935,5.462198,0.6111116,80,0.30555580000000027
"Bakola",15:18:06.5,43.30349316666667,5.462197666666667,0.45277814,80,1.5833345999999997
"Bakola",15:18:06.6,43.30349283333333,5.4621968333333335,0.7500006,80,2.9722246
"Bakola",15:18:06.7,43.30349266666666,5.462195833333333,0.90000072,80,1.5000011999999996
"Bakola",15:18:06.8,43.3034925,5.462194666666667,0.96944522,80,0.6944450000000002
"Bakola",15:18:06.9,43.30349233333334,5.4621933333333335,1.06111196,80,0.9166674000000008
"Bakola",15:18:07.0,43.303492,5.462192166666667,1.02500082,80,0.3611114000000004
"Bakola",15:18:07.1,43.3034915,5.462191333333334,0.99722302,80,0.27777800000000075
"Bakola",15:18:07.2,43.30349066666667,5.46219,1.25555656,80,2.5833354000000006
"Bakola",15:18:07.3,43.30348933333333,5.462189,1.5416679,80,2.8611133999999994
"Bakola",15:18:07.4,43.303487833333335,5.462187666666667,1.90000152,80,3.5833362
"Bakola",15:18:07.5,43.303486,5.462186,2.24444624,80,3.444447199999998
"Bakola",15:18:07.6,43.3034845,5.462185,2.0000016,80,2.4444463999999977
"Bakola",15:18:07.7,43.30348233333333,5.462183333333334,2.42222416,80,4.222225599999998
"Bakola",15:18:07.8,43.30348,5.462181666666667,2.87222452,80,4.500003600000002
"Bakola",15:18:07.9,43.303477666666666,5.462180166666666,2.77222444,80,1.0000008000000005
"Bakola",15:18:08.0,43.303475166666665,5.462178166666667,3.14444696,80,3.722225199999998
"Bakola",15:18:08.1,43.303473833333335,5.4621751666666665,2.89166898,80,2.5277797999999985
"Bakola",15:18:08.2,43.303473333333336,5.4621735,1.96111268,80,0
"Bakola",15:18:08.3,43.3034725,5.462173,1.30000104,80,0
"Bakola",15:18:08.4,43.3034725,5.462171666666667,1.11388978,80,1.861112599999999
"Bakola",15:18:08.5,43.30347233333333,5.462170666666667,0.9305563,80,1.8333348000000005
"Bakola",15:18:08.6,43.303472166666666,5.462169666666667,0.86944514,80,0.6111116000000005
"Bakola",15:18:08.7,43.30347166666667,5.462169833333333,0.55277822,80,3.1666691999999994
"Bakola",15:18:08.8,43.303471,5.462169333333334,0.74444504,80,1.9166682000000002
"Bakola",15:18:08.9,43.30347,5.4621691666666665,0.97777856,80,2.3333351999999996
"Bakola",15:18:09.0,43.303469,5.462169666666667,1.02500082,80,0.4722226000000007
"Bakola",15:18:09.1,43.30346783333333,5.462170666666667,1.33055662,80,3.0555580000000004
"Bakola",15:18:09.2,43.30346683333334,5.462170833333334,1.2083343,80,1.222223200000001
"Bakola",15:18:09.3,43.303466,5.462171166666667,1.0555564,80,1.5277790000000002
"Bakola",15:18:09.4,43.30346516666667,5.4621705,1.03611194,80,0.19444459999999886
"Bakola",15:18:09.5,43.303463666666666,5.462169666666667,1.5972235,80,5.611115599999998
"Bakola",15:18:09.6,43.3034625,5.462169833333333,1.40000112,80,1.9722237999999992
"Bakola",15:18:09.7,43.3034615,5.4621705,1.31388994,80,0.8611118000000006
"Bakola",15:18:09.8,43.30346183333333,5.4621705,0.3750003,80,0
"Bakola",15:18:09.9,43.303462,5.462171,0.3472225,80,0.2777780000000002
"Bakola",15:18:10.0,43.30346166666667,5.462171666666667,0.6250005,80,2.7777799999999995
"Bakola",15:18:10.1,43.303462333333336,5.4621725,0.79444508,80,1.6944458000000007
"Bakola",15:18:10.2,43.303463666666666,5.462173333333334,1.2777788,80,4.833337200000001
"Bakola",15:18:10.3,43.3034645,5.462175,1.55277902,80,2.750002199999999
"Bakola",15:18:10.4,43.303465833333334,5.462176166666667,1.53055678,80,0.2222224000000006
"Bakola",15:18:10.5,43.303467166666664,5.462178,1.91944598,80,3.8888920000000016
"Bakola",15:18:10.6,43.30346833333333,5.462179166666667,1.78333476,80,1.3611122000000009
"Bakola",15:18:10.7,43.30346966666667,5.4621795,1.51944566,80,2.638891000000001
"Bakola",15:18:10.8,43.30347183333333,5.462179166666667,2.13055726,80,0
"Bakola",15:18:10.9,43.303473833333335,5.462177666666666,2.4722242,80,3.416669400000001
"Bakola",15:18:11.0,43.303475,5.462176666666667,1.70277914,80,0
"Bakola",15:18:11.1,43.303476333333336,5.462176833333333,1.56111236,80,1.4166678
"Bakola",15:18:11.2,43.303477666666666,5.462177166666667,1.5972235,80,0.3611113999999982
"Bakola",15:18:11.3,43.30347933333333,5.462177666666666,1.75555696,80,1.5833346000000015
"Bakola",15:18:11.4,43.303481166666664,5.4621786666666665,2.0694461,80,3.138891399999999
"Bakola",15:18:11.5,43.30348266666667,5.46218,1.9305571,80,1.3888900000000004
"Bakola",15:18:11.6,43.30348383333333,5.462181833333333,2.03333496,80,1.0277786
"Bakola",15:18:11.7,43.30348516666666,5.462183166666667,1.8888904,80,1.4444455999999994
"Bakola",15:18:11.8,43.30348633333333,5.462185166666667,2.17222396,80,2.833335600000002
"Bakola",15:18:11.9,43.30348816666666,5.4621875,2.48055754,80,3.0833357999999977
"Bakola",15:18:12.0,43.303489166666665,5.462189333333334,1.95555712,80,5.2500042
"Bakola",15:18:12.1,43.3034895,5.4621905,1.33888996,80,0
"Bakola",15:18:12.2,43.303489666666664,5.462190166666667,0.56111156,80,0
"Bakola",15:18:12.3,43.303489666666664,5.462189666666667,0.48333372,80,0.7777783999999993
"Bakola",15:18:12.4,43.30348933333333,5.462187833333333,1.10000088,80,0
"Bakola",15:18:12.5,43.3034895,5.462185333333333,1.70000136,80,0
"Bakola",15:18:12.6,43.303489666666664,5.462182,2.53611314,80,0
"Bakola",15:18:12.7,43.303489166666665,5.462180166666666,1.67222356,80,0
"Bakola",15:18:12.8,43.303489666666664,5.462177166666667,2.18889064,80,5.1666707999999995
"Bakola",15:18:12.9,43.30348983333333,5.462174833333334,1.80000144,80,3.8888919999999993
"Bakola",15:18:13.0,43.303489166666665,5.462173166666667,1.5694457,80,2.3055574
"Bakola",15:18:13.1,43.30348816666666,5.462171333333333,1.6388902,80,0.6944450000000013
"Bakola",15:18:13.2,43.30348766666667,5.462170333333334,1.19722318,80,4.416670200000001
"Bakola",15:18:13.3,43.303487,5.462169,1.28888992,80,0.9166673999999997
"Bakola",15:18:13.4,43.3034855,5.462167833333334,1.6388902,80,3.5000028000000016
"Bakola",15:18:13.5,43.3034845,5.462167,1.36388998,80,2.7500022000000013
"Bakola",15:18:13.6,43.30348366666667,5.462166166666667,1.23055654,80,1.3333343999999991
"Bakola",15:18:13.7,43.303483,5.462165333333334,1.16111204,80,0.6944450000000013
"Bakola",15:18:13.8,43.3034815,5.462164666666666,1.39444556,80,2.333335200000002
"Bakola",15:18:13.9,43.303480666666665,5.462163833333333,1.24722322,80,1.4722234000000012
"Bakola",15:18:14.0,43.30347966666667,5.462163333333334,1.16111204,80,0.8611118000000006
"Bakola",15:18:14.1,43.303479,5.4621631666666675,0.91388962,80,2.4722241999999994
"Bakola",15:18:14.2,43.303478166666665,5.4621635,0.78611174,80,1.2777788
"Bakola",15:18:14.3,43.3034775,5.462163666666667,0.84444512,80,0.583333800000001
"Bakola",15:18:14.4,43.30347666666667,5.462164166666667,1.03333416,80,1.8888903999999984
"Bakola",15:18:14.5,43.30347616666667,5.462165,0.92777852,80,1.0555563999999984
"Bakola",15:18:14.6,43.3034755,5.462165333333334,0.83611178,80,0.9166674000000008
"Bakola",15:18:14.7,43.30347483333333,5.4621655,0.84444512,80,0.08333340000000078
"Bakola",15:18:14.8,43.303474333333334,5.462166,0.8194451,80,0.2500002000000001
"Bakola",15:18:14.9,43.3034735,5.4621665,0.92500074,80,1.0555563999999995
"Bakola",15:18:15.0,43.303473,5.462167166666667,0.94166742,80,0.16666680000000045
"Bakola",15:18:15.1,43.30347233333333,5.462167666666667,0.93611186,80,0.05555560000000015
"Bakola",15:18:15.2,43.30347166666667,5.4621683333333335,0.95277854,80,0.16666679999999934
"Bakola",15:18:15.3,43.3034715,5.462168833333333,0.64444496,80,3.0833358
"Bakola",15:18:15.4,43.30347133333333,5.4621695,0.69166722,80,0.4722226000000007
"Bakola",15:18:15.5,43.30347116666667,5.462170166666667,0.6666672,80,0.2500002000000001
"Bakola",15:18:15.6,43.3034715,5.462171,0.67500054,80,0.08333339999999967
"Bakola",15:18:15.7,43.3034715,5.462171333333333,0.50555596,80,1.6944457999999996
"Bakola",15:18:15.8,43.30347166666667,5.462172166666667,0.69166722,80,1.8611126
"Bakola",15:18:15.9,43.30347166666667,5.462172666666667,0.5416671,80,1.5000012000000007
"Bakola",15:18:16.0,43.30347183333333,5.462173166666667,0.55000044,80,0.08333340000000078
"Bakola",15:18:16.1,43.303472166666666,5.462174,0.75555616,80,2.0555572
"Bakola",15:18:16.2,43.30347283333333,5.4621743333333335,0.7222228,80,0.3333335999999998
"Bakola",15:18:16.3,43.30347316666667,5.462174833333334,0.72500058,80,0.02777779999999952
"Bakola",15:18:16.4,43.303474,5.4621751666666665,0.83055622,80,1.0555563999999995
"Bakola",15:18:16.5,43.3034745,5.4621751666666665,0.6111116,80,2.1944462
"Bakola",15:18:16.6,43.303475,5.4621745,0.6527783,80,0.41666700000000056
"Bakola",15:18:16.7,43.30347533333333,5.462174,0.66944498,80,0.16666679999999934
"Bakola",15:18:16.8,43.30347583333333,5.462172833333334,0.9583341,80,2.8888911999999998
"Bakola",15:18:16.9,43.30347616666667,5.462171,1.27222324,80,3.1388914
"Bakola",15:18:17.0,43.30347666666667,5.462169333333334,1.51666788,80,2.4444464
"Bakola",15:18:17.1,43.303476833333335,5.462168166666667,1.03611194,80,4.805559399999999
"Bakola",15:18:17.2,43.30347716666666,5.462167166666667,0.90833406,80,1.2777788
"Bakola",15:18:17.3,43.3034775,5.462166166666667,0.87222292,80,0.3611114000000004
"Bakola",15:18:17.4,43.303478,5.462164666666666,1.19722318,80,3.2500025999999993
"Bakola",15:18:17.5,43.3034785,5.462163333333334,1.16944538,80,0.27777799999999964
"Bakola",15:18:17.6,43.30347916666667,5.462161833333334,1.38333444,80,2.1388906000000008
"Bakola",15:18:17.7,43.30347966666667,5.4621605,1.2638899,80,1.1944454000000015
"Bakola",15:18:17.8,43.303479833333334,5.462159166666667,1.1666676,80,0.9722229999999987
"Bakola",15:18:17.9,43.303479833333334,5.462157333333334,1.3055566,80,1.3888900000000004
"Bakola",15:18:18.0,43.303479833333334,5.462156,1.02500082,80,2.8055578000000003
"Bakola",15:18:18.1,43.30348033333333,5.462155,0.7222228,80,3.0277801999999996
"Bakola",15:18:18.2,43.30348033333333,5.4621545,0.5694449,80,1.5277790000000002
"Bakola",15:18:18.3,43.30348033333333,5.462153666666667,0.67500054,80,1.0555563999999995
"Bakola",15:18:18.4,43.303479833333334,5.4621535,0.45555592,80,2.1944462
"Bakola",15:18:18.5,43.3034795,5.462153833333334,0.4722226,80,0.1666667999999999
"Bakola",15:18:18.6,43.30347933333333,5.4621535,0.39444476,80,0.7777783999999999
"Bakola",15:18:18.7,43.303479833333334,5.4621535,0.34166694,80,0.5277782000000003
"Bakola",15:18:18.8,43.30348016666667,5.462154,0.53333376,80,1.9166682000000002
"Bakola",15:18:18.9,43.30348,5.462154333333334,0,80,5.333337599999999
"Bakola",15:18:19.0,43.30347883333333,5.462155,0.85277846,80,0
"Bakola",15:18:19.1,43.3034765,5.462156,1.99722382,80,0
"Bakola",15:18:19.2,43.3034745,5.462157,2.33055742,80,3.333335999999998
"Bakola",15:18:19.3,43.3034725,5.4621553333333335,2.31111296,80,0.19444459999999886
"Bakola",15:18:19.4,43.30347016666666,5.462155666666668,2.48889088,80,1.7777792000000003
"Bakola",15:18:19.5,43.303468,5.4621565,2.4722242,80,0.16666680000000156
"Bakola",15:18:19.6,43.30346633333333,5.462158666666666,2.53055758,80,0.583333800000001
"Bakola",15:18:19.7,43.303464,5.46216,2.74444664,80,2.1388906000000008
"Bakola",15:18:19.8,43.303463,5.462161,1.90000152,80,0
"Bakola",15:18:19.9,43.30346333333333,5.462161666666667,0.71111168,80,0
"Bakola",15:18:20.0,43.303462833333334,5.462161166666666,0.60555604,80,1.0555564000000006
"Bakola",15:18:20.1,43.30346183333333,5.462161166666666,0.91388962,80,3.0833358
"Bakola",15:18:20.2,43.30346166666667,5.462161,0.45000036,80,4.638892599999999
"Bakola",15:18:20.3,43.303462,5.462161166666666,0,80,4.500003599999999
"Bakola",15:18:20.4,43.30346133333333,5.462160833333333,0.55277822,80,5.5277822
"Bakola",15:18:20.5,43.3034605,5.462160833333333,0.7916673,80,2.3888907999999995
"Bakola",15:18:20.6,43.303459833333335,5.462160833333333,0.7916673,80,0
"Bakola",15:18:20.7,43.303459833333335,5.462161,0.33888916,80,4.527781399999999
"Bakola",15:18:20.8,43.30346,5.462161333333333,0,80,3.3888916
"Bakola",15:18:20.9,43.30346016666667,5.462161833333334,0.45000036,80,4.500003599999999
"Bakola",15:18:21.0,43.30346016666667,5.462162,0.30277802,80,1.4722234
"Bakola",15:18:21.1,43.30346016666667,5.462162166666666,0,80,3.0277801999999996
"Bakola",15:18:21.2,43.30346,5.462162166666666,0,80,0
"Bakola",15:18:21.3,43.30345966666666,5.462161833333334,0,80,0
"Bakola",15:18:21.4,43.303459333333336,5.4621615,0.4861115,80,4.861115
"Bakola",15:18:21.5,43.30345866666667,5.462161,0.70555612,80,2.1944462000000002
"Bakola",15:18:21.6,43.303458166666665,5.4621606666666676,0.68333388,80,0.2222224000000006
"Bakola",15:18:21.7,43.30345766666667,5.462160333333333,0.54722266,80,1.3611121999999998
"Bakola",15:18:21.8,43.30345716666667,5.462159833333334,0.6666672,80,1.1944454000000004
"Bakola",15:18:21.9,43.30345683333333,5.4621596666666665,0.4027781,80,2.638891
"Bakola",15:18:22.0,43.30345666666666,5.462159166666667,0.43888924,80,0.3611114000000004
"Bakola",15:18:22.1,43.3034565,5.462158666666666,0.3472225,80,0.9166674000000002
"Bakola",15:18:22.2,43.3034565,5.462158333333333,0,80,3.472225
"Bakola",15:18:22.3,43.30345633333334,5.462157666666667,0.40000032,80,4.0000032
"Bakola",15:18:22.4,43.30345616666666,5.462156666666667,0.61388938,80,2.1388906
"Bakola",15:18:22.5,43.30345583333334,5.462154333333334,1.51666788,80,0
"Bakola",15:18:22.6,43.303455,5.462153666666667,1.10555644,80,4.1111144
"Bakola",15:18:22.7,43.30345383333333,5.462152833333334,1.3055566,80,2.000001600000001
"Bakola",15:18:22.8,43.30345283333334,5.4621525,1.21666764,80,0.8888896000000002
"Bakola",15:18:22.9,43.303452,5.4621515,1.1666676,80,0.5000004000000002
"Bakola",15:18:23.0,43.30345166666667,5.462150666666666,0.8472229,80,3.1944470000000003
"Bakola",15:18:23.1,43.30345166666667,5.46215,0.52222264,80,3.2500026
"Bakola",15:18:23.2,43.303451833333334,5.4621495,0.31666692,80,2.055557199999999
"Bakola",15:18:23.3,43.303451833333334,5.4621493333333335,0,80,3.1666692
"Bakola",15:18:23.4,43.303451833333334,5.462148833333334,0,80,0
"Bakola",15:18:23.5,43.303452,5.462148666666667,0,80,0
"Bakola",15:18:23.6,43.303452,5.462148666666667,0,80,0
"Bakola",15:18:23.7,43.303452,5.462149,0.31666692,80,3.1666692
"Bakola",15:18:23.8,43.303451833333334,5.462149666666667,0.51111152,80,1.9444460000000001
"Bakola",15:18:23.9,43.30345166666667,5.4621505,0.71111168,80,2.0000015999999996
"Bakola",15:18:24.0,43.303451833333334,5.462151666666667,0.96666744,80,2.5555576
"Bakola",15:18:24.1,43.30345166666667,5.462152666666667,0.78333396,80,1.8333348000000005
"Bakola",15:18:24.2,43.30345166666667,5.462153166666666,0.63055606,80,1.5277790000000002
"Bakola",15:18:24.3,43.30345166666667,5.462154166666667,0.81111176,80,1.8055569999999999
"Bakola",15:18:24.4,43.30345166666667,5.462155,0.67777832,80,1.3333343999999991
"Bakola",15:18:24.5,43.30345233333333,5.462156,0.91944518,80,2.416668599999999
"Bakola",15:18:24.6,43.303452666666665,5.462156833333334,0.85000068,80,0.6944450000000002
"Bakola",15:18:24.7,43.303452666666665,5.4621575,0.77222284,80,0.7777783999999999
"Bakola",15:18:24.8,43.303453,5.462158666666666,0.87222292,80,1.0000008000000005
"Bakola",15:18:24.9,43.303453,5.462159333333334,0.694445,80,1.7777792000000003
"Bakola",15:18:25.0,43.303453166666664,5.462160166666667,0.78611174,80,0.9166673999999997
"Bakola",15:18:25.1,43.303453166666664,5.462161333333333,0.97500078,80,1.8888904000000006
"Bakola",15:18:25.2,43.303453166666664,5.462162833333334,1.21944542,80,2.4444464
"Bakola",15:18:25.3,43.30345333333333,5.4621645,1.32777884,80,1.083334199999999
"Bakola",15:18:25.4,43.30345333333333,5.462165666666667,1.09166754,80,2.361112999999999
"Bakola",15:18:25.5,43.3034535,5.4621665,0.81666732,80,2.7500022
"Bakola",15:18:25.6,43.303453166666664,5.462167333333333,0.71944502,80,0.9722229999999998
"Bakola",15:18:25.7,43.303453166666664,5.462167666666667,0.48333372,80,2.3611129999999996
"Bakola",15:18:25.8,43.303453,5.462168,0.34166694,80,1.4166678000000004
"Bakola",15:18:25.9,43.30345283333334,5.462167833333334,0,80,3.4166693999999995
"Bakola",15:18:26.0,43.303452666666665,5.462168166666667,0,80,0
"Bakola",15:18:26.1,43.303452666666665,5.462168666666667,0.37222252,80,3.7222252
"Bakola",15:18:26.2,43.303453,5.4621695,0.59444492,80,2.222224
"Bakola",15:18:26.3,43.30345333333333,5.46217,0.6111116,80,0.16666679999999934
"Bakola",15:18:26.4,43.30345366666667,5.4621705,0.57500046,80,0.3611113999999993
"Bakola",15:18:26.5,43.30345383333333,5.462171,0.53888932,80,0.3611114000000004
"Bakola",15:18:26.6,43.303454,5.4621715,0.44166702,80,0.9722229999999998
"Bakola",15:18:26.7,43.303454,5.462171666666667,0,80,4.4166701999999995
"Bakola",15:18:26.8,43.303454,5.4621715,0,80,0
"Bakola",15:18:26.9,43.303454,5.462171666666667,0,80,0
"Bakola",15:18:27.0,43.303454,5.462171666666667,0,80,0
"Bakola",15:18:27.1,43.303454,5.4621715,0,80,0
"Bakola",15:18:27.2,43.303454,5.462171,0.31666692,80,3.1666692
"Bakola",15:18:27.3,43.30345416666667,5.462170833333334,0,80,3.1666692
"Bakola",15:18:27.4,43.303454,5.4621715,0.36944474,80,3.6944473999999996
"Bakola",15:18:27.5,43.30345333333333,5.462172,0.75555616,80,3.8611142000000003
"Bakola",15:18:27.6,43.30345333333333,5.462172166666667,0,80,0
"Bakola",15:18:27.7,43.30345333333333,5.4621725,0.36388918,80,3.6388917999999997
"Bakola",15:18:27.8,43.30345366666667,5.4621725,0,80,3.6388917999999997
"Bakola",15:18:27.9,43.303454,5.462171833333334,0.53888932,80,5.3888932
"Bakola",15:18:28.0,43.30345416666667,5.462171333333333,0.3888892,80,1.5000012
"Bakola",15:18:28.1,43.3034545,5.462171,0.3888892,80,0
"Bakola",15:18:28.2,43.30345483333333,5.4621705,0.53611154,80,1.4722234000000005
"Bakola",15:18:28.3,43.303455,5.462170166666667,0.35833362,80,1.7777792000000003
"Bakola",15:18:28.4,43.30345516666667,5.462169833333333,0.5138893,80,1.5555567999999997
"Bakola",15:18:28.5,43.30345583333334,5.462169666666667,0.68888944,80,1.7500013999999997
"Bakola",15:18:28.6,43.30345616666666,5.462169833333333,0.4861115,80,2.0277793999999996
"Bakola",15:18:28.7,43.30345666666666,5.462169833333333,0.57500046,80,0.8888896000000007
"Bakola",15:18:28.8,43.303457,5.4621695,0.45555592,80,1.1944454000000004
"Bakola",15:18:28.9,43.30345716666667,5.462169,0.42777812,80,0.2777780000000002
"Bakola",15:18:29.0,43.30345733333333,5.462168833333333,0,80,4.2777812
"Bakola",15:18:29.1,43.30345716666667,5.4621683333333335,0.4027781,80,4.027780999999999
"Bakola",15:18:29.2,43.30345683333333,5.462167666666667,0.59166714,80,1.8888904
"Bakola",15:18:29.3,43.30345666666666,5.462167,0.53888932,80,0.5277781999999998
"Bakola",15:18:29.4,43.3034565,5.462166333333333,0.48888928,80,0.5000004000000002
"Bakola",15:18:29.5,43.30345616666666,5.462165833333334,0.50833374,80,0.19444459999999997
"Bakola",15:18:29.6,43.303456,5.462165666666667,0,80,5.0833374
"Bakola",15:18:29.7,43.303456,5.462165333333334,0,80,0
"Bakola",15:18:29.8,43.303455666666665,5.462165,0,80,0
"Bakola",15:18:29.9,43.303455666666665,5.4621648333333335,0,80,0
"Bakola",15:18:30.0,43.3034555,5.462165,0,80,0
"Bakola",15:18:30.1,43.303455,5.462165333333334,0.36666696,80,3.6666695999999996
"Bakola",15:18:30.2,43.303455,5.462165833333334,0.53611154,80,1.6944458000000007
"Bakola",15:18:30.3,43.30345466666667,5.462166333333333,0.44722258,80,0.8888896000000007
"Bakola",15:18:30.4,43.30345466666667,5.462166666666667,0.35833362,80,0.8888895999999996
"Bakola",15:18:30.5,43.303454333333335,5.462167166666667,0.41111144,80,0.5277781999999998
"Bakola",15:18:30.6,43.303454333333335,5.462167666666667,0.41944478,80,0.08333340000000022
"Bakola",15:18:30.7,43.303454333333335,5.462167666666667,0,80,4.1944478
"Bakola",15:18:30.8,43.303454,5.462167833333334,0,80,0
"Bakola",15:18:30.9,43.30345383333333,5.462167666666667,0,80,0
"Bakola",15:18:31.0,43.3034535,5.462167333333333,0.33611138,80,3.3611138
"Bakola",15:18:31.1,43.30345333333333,5.462167,0.31666692,80,0.19444459999999997
"Bakola",15:18:31.2,43.303453,5.462166833333334,0,80,3.1666692
"Bakola",15:18:31.3,43.30345283333334,5.462166666666667,0,80,0
"Bakola",15:18:31.4,43.303452666666665,5.462166333333333,0.3055558,80,3.0555579999999996
"Bakola",15:18:31.5,43.303452666666665,5.462166,0,80,3.0555579999999996
"Bakola",15:18:31.6,43.3034525,5.462166,0,80,0
"Bakola",15:18:31.7,43.3034525,5.462166166666667,0,80,0
"Bakola",15:18:31.8,43.303452666666665,5.462166666666667,0.34444472,80,3.4444471999999995
"Bakola",15:18:31.9,43.303452666666665,5.4621675,0.57500046,80,2.3055574000000005
"Bakola",15:18:32.0,43.303452666666665,5.4621683333333335,0.66388942,80,0.8888895999999991
"Bakola",15:18:32.1,43.303453,5.462169,0.58055602,80,0.833334
"Bakola",15:18:32.2,43.303453,5.462169666666667,0.53888932,80,0.41666699999999945
"Bakola",15:18:32.3,43.303453,5.462170333333334,0.45000036,80,0.8888896000000002
"Bakola",15:18:32.4,43.303453,5.4621705,0,80,4.500003599999999
"Bakola",15:18:32.5,43.30345283333334,5.4621705,0,80,0
"Bakola",15:18:32.6,43.303452666666665,5.462170333333334,0,80,0
"Bakola",15:18:32.7,43.3034525,5.46217,0.39166698,80,3.9166697999999998
"Bakola",15:18:32.8,43.30345233333333,5.462169833333333,0,80,3.9166697999999998
"Bakola",15:18:32.9,43.30345216666666,5.462169333333334,0,80,0
"Bakola",15:18:33.0,43.303452,5.462169,0.37777808,80,3.7777808
"Bakola",15:18:33.1,43.303452,5.462168833333333,0,80,3.7777808
"Bakola",15:18:33.2,43.303451833333334,5.462168666666667,0,80,0
"Bakola",15:18:33.3,43.303451833333334,5.4621685,0,80,0
"Bakola",15:18:33.4,43.303452,5.462169,0,80,0
"Bakola",15:18:33.5,43.30345216666666,5.46217,0.66388942,80,0
"Bakola",15:18:33.6,43.30345233333333,5.462171,0.78611174,80,1.2222232
"Bakola",15:18:33.7,43.303452666666665,5.4621715,0.61944494,80,1.666667999999999
"Bakola",15:18:33.8,43.3034525,5.462172,0.36388918,80,2.5555576000000007
"Bakola",15:18:33.9,43.303452666666665,5.462172166666667,0,80,3.6388917999999997
"Bakola",15:18:34.0,43.3034525,5.462172166666667,0,80,0
"Bakola",15:18:34.1,43.3034525,5.462172,0,80,0
"Bakola",15:18:34.2,43.30345216666666,5.462171666666667,0.32500026,80,3.2500025999999997
"Bakola",15:18:34.3,43.303451833333334,5.462171,0.6666672,80,3.4166694
"Bakola",15:18:34.4,43.30345166666667,5.462170166666667,0.6666672,80,0
"Bakola",15:18:34.5,43.3034515,5.4621695,0.60000048,80,0.6666672000000007
"Bakola",15:18:34.6,43.30345166666667,5.462168666666667,0.65833386,80,0.583333800000001
"Bakola",15:18:34.7,43.303451833333334,5.4621683333333335,0.43888924,80,2.1944462000000002
"Bakola",15:18:34.8,43.303452,5.462168666666667,0,80,4.3888924
"Bakola",15:18:34.9,43.30345233333333,5.4621691666666665,0.49166706,80,4.9166706
"Bakola",15:18:35.0,43.30345233333333,5.462169333333334,0.3055558,80,1.8611126
"Bakola",15:18:35.1,43.30345216666666,5.4621695,0,80,3.0555579999999996
"Bakola",15:18:35.2,43.30345216666666,5.462169833333333,0,80,0
"Bakola",15:18:35.3,43.30345216666666,5.462170333333334,0.30277802,80,3.0277801999999996
"Bakola",15:18:35.4,43.30345216666666,5.4621705,0,80,3.0277801999999996
"Bakola",15:18:35.5,43.30345216666666,5.462170333333334,0,80,0
"Bakola",15:18:35.6,43.30345216666666,5.462169833333333,0.32500026,80,3.2500025999999997
"Bakola",15:18:35.7,43.30345216666666,5.462168833333333,0.66388942,80,3.3888915999999996
"Bakola",15:18:35.8,43.303452,5.462167833333334,0.7777784,80,1.1388898000000003
"Bakola",15:18:35.9,43.303452,5.462166666666667,1.02500082,80,2.4722242000000003
"Bakola",15:18:36.0,43.30345216666666,5.4621655,0.82222288,80,2.0277794000000005
"Bakola",15:18:36.1,43.303452,5.462165,0.55833378,80,2.6388909999999997
"Bakola",15:18:36.2,43.30345216666666,5.462164666666666,0.43611146,80,1.2222232
"Bakola",15:18:36.3,43.30345216666666,5.4621648333333335,0,80,4.3611146
"Bakola",15:18:36.4,43.30345216666666,5.462165166666667,0,80,0
"Bakola",15:18:36.5,43.30345233333333,5.4621655,0.3611114,80,3.611114
"Bakola",15:18:36.6,43.3034525,5.462166,0.36666696,80,0.055555599999999594
"Bakola",15:18:36.7,43.303452666666665,5.4621665,0.45000036,80,0.833334
"Bakola",15:18:36.8,43.30345283333334,5.462166833333334,0.33611138,80,1.1388897999999996
"Bakola",15:18:36.9,43.30345283333334,5.4621665,0,80,3.3611138
"Bakola",15:18:37.0,43.30345283333334,5.462166166666667,0.31666692,80,3.1666692
"Bakola",15:18:37.1,43.30345283333334,5.4621655,0.53055598,80,2.1388906
"Bakola",15:18:37.2,43.30345283333334,5.462165,0.41944478,80,1.111112
"Bakola",15:18:37.3,43.303453,5.462164333333334,0.39166698,80,0.2777780000000002
"Bakola",15:18:37.4,43.30345283333334,5.462164166666667,0,80,3.9166697999999998
"Bakola",15:18:37.5,43.303453,5.462164,0,80,0
"Bakola",15:18:37.6,43.303453,5.462163833333333,0,80,0
"Bakola",15:18:37.7,43.30345283333334,5.462164,0,80,0
"Bakola",15:18:37.8,43.303452666666665,5.462164,0,80,0
"Bakola",15:18:37.9,43.3034525,5.462164333333334,0,80,0
"Bakola",15:18:38.0,43.303452666666665,5.4621648333333335,0,80,0
"Bakola",15:18:38.1,43.303452666666665,5.4621648333333335,0,80,0
"Bakola",15:18:38.2,43.303452666666665,5.462164666666666,0,80,0
"Bakola",15:18:38.3,43.303452666666665,5.4621645,0,80,0
"Bakola",15:18:38.4,43.3034525,5.462164666666666,0,80,0
"Bakola",15:18:38.5,43.3034525,5.4621648333333335,0,80,0
"Bakola",15:18:38.6,43.3034525,5.462165333333334,0,80,0
"Bakola",15:18:38.7,43.30345216666666,5.462165666666667,0.31388914,80,3.1388914
"Bakola",15:18:38.8,43.30345216666666,5.462165833333334,0,80,3.1388914
"Bakola",15:18:38.9,43.30345216666666,5.462165666666667,0,80,0
"Bakola",15:18:39.0,43.303451833333334,5.462165166666667,0.3750003,80,3.750003
"Bakola",15:18:39.1,43.3034515,5.462164333333334,0.6388894,80,2.638891
"Bakola",15:18:39.2,43.30345116666667,5.4621631666666675,1.00555636,80,3.6666695999999988
"Bakola",15:18:39.3,43.30345066666667,5.462161833333334,1.10833422,80,1.0277786
"Bakola",15:18:39.4,43.30345033333333,5.462161166666666,0.70277834,80,4.055558799999999
"Bakola",15:18:39.5,43.30345033333333,5.462160833333333,0.39166698,80,3.1111135999999995
"Bakola",15:18:39.6,43.30344983333333,5.4621606666666676,0.52500042,80,1.3333344000000003
"Bakola",15:18:39.7,43.3034495,5.4621605,0.57500046,80,0.5000004000000002
"Bakola",15:18:39.8,43.30344933333334,5.4621606666666676,0,80,5.7500046000000005
"Bakola",15:18:39.9,43.30344916666667,5.462161,0.31666692,80,3.1666692
"Bakola",15:18:40.0,43.303449,5.462161833333334,0.69722278,80,3.8055586
"Bakola",15:18:40.1,43.303448833333334,5.462162666666667,0.62777828,80,0.6944450000000002
"Bakola",15:18:40.2,43.303448333333336,5.4621631666666675,0.71944502,80,0.9166673999999997
"Bakola",15:18:40.3,43.303448333333336,5.462163666666667,0.4861115,80,2.3333352
"Bakola",15:18:40.4,43.303448333333336,5.462163833333333,0,80,4.861115
"Bakola",15:18:40.5,43.3034485,5.462163333333334,0,80,0
"Bakola",15:18:40.6,43.30344866666666,5.462162833333334,0,80,0
"Bakola",15:18:40.7,43.303449,5.462162166666666,0.44166702,80,4.4166701999999995
"Bakola",15:18:40.8,43.30344916666667,5.462161833333334,0.38333364,80,0.5833338000000005
"Bakola",15:18:40.9,43.303449,5.4621615,0,80,3.8333363999999994
"Bakola",15:18:41.0,43.30344916666667,5.462161166666666,0,80,0
"Bakola",15:18:41.1,43.303449,5.462161,0,80,0
"Bakola",15:18:41.2,43.303449,5.462161,0,80,0
"Bakola",15:18:41.3,43.30344916666667,5.462161,0,80,0
"Bakola",15:18:41.4,43.30344916666667,5.462161,0,80,0
"Bakola",15:18:41.5,43.30344916666667,5.462161,0,80,0
"Bakola",15:18:41.6,43.30344933333334,5.462161,0,80,0
"Bakola",15:18:41.7,43.30344933333334,5.462161166666666,0,80,0
"Bakola",15:18:41.8,43.3034495,5.462161166666666,0,80,0
"Bakola",15:18:41.9,43.3034495,5.462161166666666,0,80,0
"Bakola",15:18:42.0,43.3034495,5.462161,0,80,0
"Bakola",15:18:42.1,43.3034495,5.462160833333333,0,80,0
"Bakola",15:18:42.2,43.303449666666666,5.4621606666666676,0,80,0
"Bakola",15:18:42.3,43.303449666666666,5.462160333333333,0,80,0
"Bakola",15:18:42.4,43.30344983333333,5.462160333333333,0,80,0
"Bakola",15:18:42.5,43.30345,5.462160166666667,0,80,0
"Bakola",15:18:42.6,43.303450166666664,5.462160333333333,0,80,0
"Bakola",15:18:42.7,43.303450166666664,5.462160333333333,0,80,0
"Bakola",15:18:42.8,43.30345033333333,5.4621606666666676,0.31388914,80,3.1388914
"Bakola",15:18:42.9,43.3034505,5.462161,0.3194447,80,0.05555560000000015
"Bakola",15:18:43.0,43.30345066666667,5.462161166666666,0,80,3.1944470000000003
"Bakola",15:18:43.1,43.303451,5.462161333333333,0,80,0
"Bakola",15:18:43.2,43.30345116666667,5.462161666666667,0,80,0
"Bakola",15:18:43.3,43.30345116666667,5.462162,0,80,0
"Bakola",15:18:43.4,43.30345066666667,5.462163333333334,0.92222296,80,0
"Bakola",15:18:43.5,43.3034505,5.462164166666667,0.68611166,80,2.361113
"Bakola",15:18:43.6,43.3034515,5.462165166666667,1.15555648,80,4.694448199999999
"Bakola",15:18:43.7,43.30345116666667,5.4621665,1.09166754,80,0.6388894
"Bakola",15:18:43.8,43.3034515,5.462167666666667,1.09166754,80,0
"Bakola",15:18:43.9,43.303452,5.4621691666666665,1.21666764,80,1.2500010000000006
"Bakola",15:18:44.0,43.303452666666665,5.462170833333334,1.47777896,80,2.6111131999999992
"Bakola",15:18:44.1,43.303452666666665,5.462171,0.55000044,80,0
"Bakola",15:18:44.2,43.30345233333333,5.462171333333333,0.32222248,80,2.2777796000000006
"Bakola",15:18:44.3,43.30345216666666,5.462171333333333,0,80,3.2222248
"Bakola",15:18:44.4,43.303451833333334,5.462170833333334,0.35833362,80,3.5833362
"Bakola",15:18:44.5,43.303451833333334,5.46217,0.5972227,80,2.3888907999999995
"Bakola",15:18:44.6,43.303451833333334,5.462168833333333,0.83055622,80,2.3333351999999996
"Bakola",15:18:44.7,43.303451833333334,5.462168,0.68611166,80,1.4444455999999994
"Bakola",15:18:44.8,43.303451833333334,5.462167833333334,0.3333336,80,3.5277806
"Bakola",15:18:44.9,43.3034515,5.462167666666667,0,80,3.333336
"Bakola",15:18:45.0,43.30345166666667,5.462167,0.33611138,80,3.3611138
"Bakola",15:18:45.1,43.303451333333335,5.462166666666667,0.46111148,80,1.250001
"Bakola",15:18:45.2,43.303451333333335,5.462166833333334,0,80,4.6111148
"Bakola",15:18:45.3,43.3034515,5.4621665,0,80,0
"Bakola",15:18:45.4,43.30345166666667,5.4621665,0,80,0
"Bakola",15:18:45.5,43.303451833333334,5.462167333333333,0.53611154,80,5.3611154
"Bakola",15:18:45.6,43.30345233333333,5.462167666666667,0.53333376,80,0.02777780000000063
"Bakola",15:18:45.7,43.3034525,5.462167666666667,0.3055558,80,2.2777795999999997
"Bakola",15:18:45.8,43.303452666666665,5.462167833333334,0,80,3.0555579999999996
"Bakola",15:18:45.9,43.3034525,5.462168,0,80,0
"Bakola",15:18:46.0,43.30345216666666,5.462167833333334,0.3750003,80,3.750003
"Bakola",15:18:46.1,43.3034515,5.462167833333334,0.62777828,80,2.5277798
"Bakola",15:18:46.2,43.30345083333333,5.462167666666667,0.7500006,80,1.2222232
"Bakola",15:18:46.3,43.30345033333333,5.462167833333334,0.60833382,80,1.4166678
"Bakola",15:18:46.4,43.30345033333333,5.462167833333334,0.30833358,80,3.0000024
"Bakola",15:18:46.5,43.303450166666664,5.462167833333334,0,80,3.0833358
"Bakola",15:18:46.6,43.30345033333333,5.462168,0,80,0
"Bakola",15:18:46.7,43.30345066666667,5.462167833333334,0.32500026,80,3.2500025999999997
"Bakola",15:18:46.8,43.303451333333335,5.462167666666667,0.53333376,80,2.083335
"Bakola",15:18:46.9,43.303451833333334,5.462167333333333,0.5833338,80,0.5000004000000002
"Bakola",15:18:47.0,43.30345233333333,5.462167,0.5277782,80,0.5555560000000004
"Bakola",15:18:47.1,43.30345233333333,5.462167,0.30277802,80,2.2500017999999997
"Bakola",15:18:47.2,43.303452666666665,5.462167,0,80,3.0277801999999996
"Bakola",15:18:47.3,43.303452666666665,5.462167,0,80,0
"Bakola",15:18:47.4,43.30345216666666,5.462166833333334,0.4722226,80,4.722226
"Bakola",15:18:47.5,43.30345166666667,5.462166333333333,0.68888944,80,2.1666683999999994
"Bakola",15:18:47.6,43.30345116666667,5.462165666666667,0.76111172,80,0.7222228000000008
"Bakola",15:18:47.7,43.30345083333333,5.462164333333334,0.96944522,80,2.0833349999999995
"Bakola",15:18:47.8,43.3034505,5.4621635,0.81666732,80,1.5277790000000002
"Bakola",15:18:47.9,43.30345083333333,5.4621625,0.78888952,80,0.27777799999999964
"Bakola",15:18:48.0,43.303451,5.462162,0.64166718,80,1.4722234
"Bakola",15:18:48.1,43.303451333333335,5.4621615,0.53888932,80,1.0277786
"Bakola",15:18:48.2,43.303452,5.462161,0.68611166,80,1.4722234
"Bakola",15:18:48.3,43.30345216666666,5.4621606666666676,0.39166698,80,2.9444468
"Bakola",15:18:48.4,43.303452,5.462160333333333,0,80,3.9166697999999998
"Bakola",15:18:48.5,43.30345216666666,5.462159833333334,0.39722254,80,3.9722254
"Bakola",15:18:48.6,43.303451833333334,5.462159833333334,0,80,3.9722254
"Bakola",15:18:48.7,43.303451333333335,5.4621595,0.5694449,80,5.694449
"Bakola",15:18:48.8,43.30345116666667,5.462159166666667,0.33055582,80,2.3888908
"Bakola",15:18:48.9,43.30345083333333,5.462159166666667,0.36666696,80,0.36111139999999986
"Bakola",15:18:49.0,43.3034505,5.462159333333334,0.39722254,80,0.30555580000000027
"Bakola",15:18:49.1,43.3034505,5.4621595,0,80,3.9722254
"Bakola",15:18:49.2,43.3034505,5.4621596666666665,0,80,0
"Bakola",15:18:49.3,43.30345066666667,5.4621596666666665,0,80,0
"Bakola",15:18:49.4,43.30345083333333,5.462159833333334,0,80,0
"Bakola",15:18:49.5,43.30345083333333,5.46216,0,80,0
"Bakola",15:18:49.6,43.30345083333333,5.46216,0,80,0
"Bakola",15:18:49.7,43.303451,5.462160166666667,0,80,0
"Bakola",15:18:49.8,43.30345083333333,5.462160333333333,0,80,0
"Bakola",15:18:49.9,43.30345083333333,5.4621605,0,80,0
"Bakola",15:18:50.0,43.30345083333333,5.4621606666666676,0,80,0
"Bakola",15:18:50.1,43.30345066666667,5.4621606666666676,0,80,0
"Bakola",15:18:50.2,43.30345066666667,5.4621606666666676,0,80,0
"Bakola",15:18:50.3,43.3034505,5.4621606666666676,0,80,0
"Bakola",15:18:50.4,43.30345033333333,5.462160833333333,0,80,0
"Bakola",15:18:50.5,43.30345033333333,5.462160833333333,0,80,0
"Bakola",15:18:50.6,43.303450166666664,5.462160833333333,0,80,0
"Bakola",15:18:50.7,43.30345,5.462161,0,80,0
"Bakola",15:18:50.8,43.30345,5.462161,0,80,0
